isin,ticker,name,issuer,index_tracked,replication,ter,source_url
DE0002635273,EXSB,"iShares DivDAX® UCITS ETF (DE) (the ""Fund""), ISIN: DE0002635273, is authorised in Germany and manufactured by BlackRock Asset",BlackRock (iShares),DIVDAX GR,physical,0.31,https://www.boursedirect.fr/api/instrument/v3/search?nature=tracker&pea=true
DE0002635281,EXSG,"iShares EURO STOXX Select Dividend 30 UCITS ETF (DE) (le « Fonds ») EUR Dist (la « Catégorie d'unités »), ISIN : DE0002635281, est",BlackRock (iShares),STOXX Eurozone Select Div 30 (EUR),physical,0.31,https://www.blackrock.com/fr/intermediaries/products/251788/ishares-euro-stoxx-select-dividend-30-ucits-etf-de-fund
DE0005933923,EXS3,"iShares MDAX® UCITS ETF (DE) (the ""Fund""), EUR Accu (the ""Unit Class""), ISIN: DE0005933923, is authorised in Germany and manufactured",BlackRock (iShares),MDAX (Performance Index) NET,physical,0.51,https://www.boursedirect.fr/api/instrument/v3/search?nature=tracker&pea=true
DE0005933931,EXS1,"iShares Core DAX® UCITS ETF (DE) (the ""Fund""), EUR Accu (the ""Unit Class""), ISIN: DE0005933931, is authorised in Germany and",BlackRock Asset Management Deutschland AG,DAX (Performance index) NET (EUR),physical,0.16,https://live.euronext.com/en/products/etfs/list (pea=Yes)
DE0005933956,EXW1,"iShares Core EURO STOXX 50 UCITS ETF (DE) (the ""Fund""), ISIN: DE0005933956, is authorised in Germany and manufactured by BlackRock",BlackRock (iShares),STOXX Eurozone 50 (Net Return),physical,0.1,https://www.boursedirect.fr/api/instrument/v3/search?nature=tracker&pea=true
DE0005933972,EXS2,"iShares TecDAX® UCITS ETF (DE) (the ""Fund""), EUR Accu (the ""Unit Class""), ISIN: DE0005933972, is authorised in Germany and",BlackRock (iShares),TecDAX (Performance Index) NET (EUR),physical,0.51,https://www.boursedirect.fr/api/instrument/v3/search?nature=tracker&pea=true
DE0006289309,EXX1,"iShares EURO STOXX Banks 30-15 UCITS ETF (DE) (the ""Fund""), EUR Dist (the ""Unit Class""), ISIN: DE0006289309, is authorised in Germany",BlackRock (iShares),EURO STOXX Banks 30-15 Net TR in EUR (EUR),physical,0.51,https://www.blackrock.com/fr/intermediaries/products/251784/ishares-euro-stoxx-banks-de-fund
DE000A0D8Q07,EXSI,"iShares EURO STOXX UCITS ETF (DE) (the ""Fund""), ISIN: DE000A0D8Q07, is authorised in Germany and manufactured by BlackRock Asset",BlackRock (iShares),STOXX Eurozone,physical,0.2,https://www.boursedirect.fr/api/instrument/v3/search?nature=tracker&pea=true
DE000A0D8Q23,EXXX,"iShares ATX UCITS ETF (DE) (le « Fonds »), ISIN : DE000A0D8Q23, est autorisé en Allemagne et élaboré par BlackRock Asset Management",BlackRock (iShares),Austrian Traded Index (ATX) Wienerborse EUR NET,physical,0.33,https://www.boursedirect.fr/api/instrument/v3/search?nature=tracker&pea=true
DE000A0F5UG3,EXXV,"iShares Dow Jones Eurozone Leaders Screened UCITS ETF (DE) (the ""Fund""), ISIN: DE000A0F5UG3, is authorised in Germany and",BlackRock (iShares),"Dow Jones Sustainability Eurozone ex Alcohol, Tobacco, Gambling and others",physical,0.41,https://www.boursedirect.fr/api/instrument/v3/search?nature=tracker&pea=true
DE000A0H0728,CMSE,iShares Diversified Commodity Swap UCITS ETF (DE),BlackRock Asset Management Deutschland AG,Bloomberg Commodity Euro Total Return Index,synthetic,0.46,https://live.euronext.com/en/products/etfs/list (pea=Yes)
DE000A0H08Q4,EXV3,"iShares STOXX Europe 600 Technology UCITS ETF (DE) (the ""Fund""), EUR Dist (the ""Unit Class""), ISIN: DE000A0H08Q4, is authorised in",BlackRock (iShares),STOXX Europe 600 Technology (Capped) TR (EUR),physical,0.46,https://www.boursedirect.fr/api/instrument/v3/search?nature=tracker&pea=true
DE000A0Q4R28,EXV5,"iShares STOXX Europe 600 Automobiles & Parts UCITS ETF (DE) (the ""Fund""), EUR Dist (the ""Unit Class""), ISIN: DE000A0Q4R28, is",BlackRock (iShares),STOXX Europe 600 Automobiles & Parts (Capped) TR (EUR),physical,0.46,https://www.boursedirect.fr/api/instrument/v3/search?nature=tracker&pea=true
DE000A2QP323,EXIB,"iShares TecDAX® UCITS ETF (DE) (the ""Fund""), EUR Dist (the ""Unit Class""), ISIN: DE000A2QP323, is authorised in Germany and",BlackRock (iShares),TecDAX (Performance Index) NET (EUR),physical,0.51,https://www.boursedirect.fr/api/instrument/v3/search?nature=tracker&pea=true
DE000A2QP331,EXIC,"iShares Core DAX® UCITS ETF (DE) (the ""Fund""), EUR Dist (the ""Unit Class""), ISIN: DE000A2QP331, is authorised in Germany and",BlackRock (iShares),,,0.16,https://raw.githubusercontent.com/majordomef-sudo/pea-comparator/main/etf-data.js
DE000A2QP349,EXID,"iShares MDAX® UCITS ETF (DE) (the ""Fund""), EUR Dist (the ""Unit Class""), ISIN: DE000A2QP349, is authorised in Germany and manufactured",BlackRock (iShares),,,0.51,https://raw.githubusercontent.com/majordomef-sudo/pea-comparator/main/etf-data.js
DE000A2QP372,EXA1,"iShares EURO STOXX Banks 30-15 UCITS ETF (DE) (the ""Fund""), EUR Accu (the ""Unit Class""), ISIN: DE000A2QP372, is authorised in",BlackRock Asset Management Deutschland AG,EURO STOXX Banks 30-15 Net TR in EUR (EUR),physical,0.51,https://live.euronext.com/en/products/etfs/list (pea=Yes)
DE000A2QP380,IDVA,"iShares EURO STOXX Select Dividend 30 UCITS ETF (DE) (le « Fonds ») EUR Accu (la « Catégorie d'unités »), ISIN : DE000A2QP380, est",BlackRock Asset Management Deutschland AG,STOXX Eurozone Select Div 30 (EUR),physical,0.31,https://live.euronext.com/en/products/etfs/list (pea=Yes)
DE000A2QP398,STEC,"iShares STOXX Europe 600 Technology UCITS ETF (DE) (the ""Fund""), EUR Accu (the ""Unit Class""), ISIN: DE000A2QP398, is authorised in",BlackRock Asset Management Deutschland AG,STOXX Europe 600 Technology (Capped) TR (EUR),physical,0.46,https://live.euronext.com/en/products/etfs/list (pea=Yes)
DE000A2QP4A8,SAOT,"iShares STOXX Europe 600 Automobiles & Parts UCITS ETF (DE) (the ""Fund""), EUR Accu (the ""Unit Class""), ISIN: DE000A2QP4A8, is",BlackRock Asset Management Deutschland AG,STOXX Europe 600 Automobiles & Parts (Capped) TR (EUR),physical,0.46,https://live.euronext.com/en/products/etfs/list (pea=Yes)
FR0007052782,CAC,Amundi CAC 40 UCITS ETF - EUR DIS (CAC),Amundi Asset Management,CAC 40 Total Return Index,physical,0.25,https://live.euronext.com/en/products/etfs/list (pea=Yes)
FR0007054358,MSE,Amundi EURO STOXX 50 II UCITS ETF - ACC (MSE),Amundi Asset Management,EURO STOXX 50 Net Return EUR,physical,0.2,https://live.euronext.com/en/products/etfs/list (pea=Yes)
FR0010010827,MIB,Amundi FTSE MIB UCITS ETF - EUR DIS (MIB),Amundi Asset Management,FTSE MIB Net Total Return Index,physical,0.35,https://live.euronext.com/en/products/etfs/list (pea=Yes)
FR0010150458,E40,BNP PARIBAS EASY CAC 40® ESG UCITS ETF - EUR DIS (E40),BNP PARIBAS ASSET MANAGEMENT Europe,Euronext CAC40 ESG GrossReturn,physical,0.25,https://live.euronext.com/en/products/etfs/list (pea=Yes)
FR0010251744,LYXIB,AMUNDI IBEX 35  (DR) UCITS ETF,Amundi,IBEX 35 Net Return Index,physical,0.3,https://www.boursedirect.fr/api/instrument/v3/search?nature=tracker&pea=true
FR0010342592,LQQ,Amundi Nasdaq-100 Daily (2x) Leveraged UCITS ETF - EUR ACC (LQQ),Amundi Asset Management,Nasdaq 100 Leveraged Notional Net Total Return Index,synthetic,0.6,https://live.euronext.com/en/products/etfs/list (pea=Yes)
FR0010405431,GRE,Amundi MSCI Greece UCITS ETF - EUR DIS (GRE),Amundi Asset Management,MSCI Greece IMI + Coca-Cola 20-35 Net Total Return,physical,0.55,https://live.euronext.com/en/products/etfs/list (pea=Yes)
FR0010411884,BX4,Amundi CAC 40 Daily (-2x) Inverse UCITS ETF - EUR ACC (BX4),Amundi Asset Management,CAC 40 Double Short Gross Return,synthetic,0.6,https://live.euronext.com/en/products/etfs/list (pea=Yes)
FR0010424135,BSX,Amundi EURO STOXX 50 Daily (-1x) Inverse UCITS ETF - ACC (BSX),Amundi,EURO STOXX 50 Short Return Index,synthetic,0.4,https://live.euronext.com/en/products/etfs/list (pea=Yes)
FR0010468983,LVE,Amundi EURO STOXX 50 Daily (2x) Leveraged UCITS ETF - ACC (LVE),Amundi Asset Management,EURO STOXX 50 Daily Leverage Index,synthetic,0.4,https://live.euronext.com/en/products/etfs/list (pea=Yes)
FR0010591362,SHC,Amundi CAC 40 Daily (-1x) Inverse UCITS ETF - EUR ACC (SHC),Amundi Asset Management,CAC 40 Short GR Index,synthetic,0.4,https://live.euronext.com/en/products/etfs/list (pea=Yes)
FR0010592014,LVC,Amundi CAC 40 Daily (2x) Leveraged UCITS ETF - EUR ACC (LVC),Amundi Asset Management,CAC 40 Leveraged GR Index,synthetic,0.4,https://live.euronext.com/en/products/etfs/list (pea=Yes)
FR0010655704,CF1,AMUNDI CAC TRANSITION CLIMAT UCITS ETF - EUR ACC (CF1),Amundi Asset Management,CAC Transition Climat,physical,0.25,https://live.euronext.com/en/products/etfs/list (pea=Yes)
FR0010655712,CG1,AMUNDI ETF DAX UCITS ETF DR - EUR ACC (CG1),Amundi Asset Management,DAX Net Retrun Index,physical,0.1,https://live.euronext.com/en/products/etfs/list (pea=Yes)
FR0010655746,CS1,Amundi IBEX 35 UCITS ETF - EUR ACC (CS1),Amundi Asset Management,IBEX 35 Net Return Index,physical,0.3,https://live.euronext.com/en/products/etfs/list (pea=Yes)
FR0010717090,CD8,Amundi MSCI EMU High Dividend UCITS ETF - EUR ACC (CD8),Amundi Asset Management,MSCI EMU High Dividend Yield Net Total Return Local Index,physical,0.3,https://live.euronext.com/en/products/etfs/list (pea=Yes)
FR0010755611,CL2,Amundi MSCI USA Daily (2x) Leveraged UCITS ETF - EUR ACC (CL2),Amundi Asset Management,MSCI USA Leveraged 2X Index,synthetic,0.5,https://live.euronext.com/en/products/etfs/list (pea=Yes)
FR0010757781,C5S,Amundi ETF Short Euro Stoxx 50 Daily UCITS ETF - EUR ACC (C5S),,,,,https://bourse.fortuneo.fr/api/trackers/search/?page=1&additionalParams=%7B%22pea%22%3A%20%22true%22%7D
FR0011440478,PLEM,Amundi PEA Emergent EMEA (MSCI Emerging EMEA) ESG Transition UCITS ETF - EUR ACC (PLEM),Amundi Asset Management,MSCI EM EMEA Ex-Egypt ESG Broad CTB Select Index,synthetic,0.55,https://live.euronext.com/en/products/etfs/list (pea=Yes)
FR0011550177,ESD,"BNP PARIBAS EASY S&P 500 UCITS ETF, a sub-fund of BNP PARIBAS EASY FR, share class USD C (FR0011550177)",BNP PARIBAS ASSET MANAGEMENT Europe,S&P 500®,synthetic,0.14,https://live.euronext.com/en/products/etfs/list (pea=Yes)
FR0011550185,ESE,BNP Paribas Easy S&P 500 UCITS ETF EUR Capitalisation,BNP PARIBAS ASSET MANAGEMENT Europe,S&P 500 Net TR,synthetic,0.15,https://live.euronext.com/en/products/etfs/list (pea=Yes)
FR0011550193,ETZ,"BNP PARIBAS EASY STOXX EUROPE 600 UCITS ETF, a sub-fund of BNP PARIBAS EASY FR, share class EUR C (FR0011550193)",BNP PARIBAS ASSET MANAGEMENT Europe,Stoxx Europe 600 TR,synthetic,0.19,https://live.euronext.com/en/products/etfs/list (pea=Yes)
FR0011550672,ETZD,"BNP PARIBAS EASY STOXX EUROPE 600 UCITS ETF, a sub-fund of BNP PARIBAS EASY FR, share class EUR C/D (FR0011550672)",BNP PARIBAS ASSET MANAGEMENT Europe,STOXX® Europe 600,synthetic,0.19,https://live.euronext.com/en/products/etfs/list (pea=Yes)
FR0011550680,ESDD,"BNP PARIBAS EASY S&P 500 UCITS ETF, a sub-fund of BNP PARIBAS EASY FR, share class USD C/D (FR0011550680)",BNP PARIBAS ASSET MANAGEMENT Europe,S&P 500®,synthetic,0.14,https://live.euronext.com/en/products/etfs/list (pea=Yes)
FR0011857234,MDX,Amundi MDAX UCITS ETF - EUR DIS (MDX),Amundi Asset Management,MDAX Net Return,physical,0.2,https://live.euronext.com/en/products/etfs/list (pea=Yes)
FR0011869270,PDJE,Amundi PEA S&P US Industrials Screened UCITS ETF - EUR ACC (PDJE),Amundi Asset Management,S&P 500 Plus Industrials Enhanced Weighted & Screened Index,synthetic,0.5,https://live.euronext.com/en/products/etfs/list (pea=Yes)
FR0011869304,PMEH,Amundi PEA Immobilier Europe (FTSE EPRA/NAREIT) UCITS ETF - EUR ACC (PMEH),Amundi Asset Management,FTSE EPRA/NAREIT Developed Europe Net Return Index,synthetic,0.4,https://live.euronext.com/en/products/etfs/list (pea=Yes)
FR0011869312,PAEJ,Amundi PEA Asie Pacifique (MSCI AC Asia Pacific Ex Japan) UCITS ETF - EUR ACC (PAEJ),Amundi Asset Management,MSCI AC Asia Pacific Ex Japan Net Total Return USD Index,synthetic,0.6,https://live.euronext.com/en/products/etfs/list (pea=Yes)
FR0011869320,PINR,Amundi PEA Inde (MSCI India) UCITS ETF - EUR ACC (PINR),Amundi Asset Management,MSCI Emerging Markets India Net TR (USD),synthetic,0.85,https://live.euronext.com/en/products/etfs/list (pea=Yes)
FR0011871078,PASI,Amundi PEA Chine (MSCI China) Screened UCITS ETF - EUR ACC (PASI),Amundi Asset Management,MSCI China Screened Select ex Thermal Coal Index,synthetic,0.65,https://live.euronext.com/en/products/etfs/list (pea=Yes)
FR0011871110,PUST,Amundi PEA Nasdaq-100 UCITS ETF - EUR ACC (PUST),Amundi Asset Management,NASDAQ-100 Notional Net Total Return Index,synthetic,0.3,https://live.euronext.com/en/products/etfs/list (pea=Yes)
FR0011871128,PSP5,Amundi PEA SP 500 UCITS ETF Acc (PSP5),Amundi Asset Management,S&P 500 Net Total Return Index,synthetic,0.12,https://live.euronext.com/en/products/etfs/list (pea=Yes)
FR0011871136,PSPH,Amundi PEA S&P 500 UCITS ETF - EUR ACC H (PSPH),Amundi Asset Management,S&P 500 Daily Hedged Euro Index Net TR,synthetic,0.12,https://live.euronext.com/en/products/etfs/list (pea=Yes)
FR0011882364,AWAT,Amundi PEA Eau (MSCI Water) UCITS ETF - Capi - EUR ACC (AWAT),Amundi Asset Management,MSCI ACWI IMI Water Custom Index,synthetic,0.6,https://live.euronext.com/en/products/etfs/list (pea=Yes)
FR0012399731,MSEC,Amundi EURO STOXX 50 II UCITS ETF CHF Hedged Acc,Amundi,EURO STOXX 50 Net Return EUR,physical,0.2,https://www.boursedirect.fr/api/instrument/v3/search?nature=tracker&pea=true
FR0012739431,ETDD,"BNP PARIBAS EASY EURO STOXX 50 UCITS ETF, a sub-fund of BNP PARIBAS EASY FR, share class EUR C (FR0012739431)",BNP PARIBAS ASSET MANAGEMENT Europe,EURO STOXX® 50,physical,0.18,https://live.euronext.com/en/products/etfs/list (pea=Yes)
FR0012740983,ETBB,"BNP PARIBAS EASY EURO STOXX 50 UCITS ETF, a sub-fund of BNP PARIBAS EASY FR, share class EUR C/D (FR0012740983)",BNP PARIBAS ASSET MANAGEMENT Europe,EURO STOXX® 50,physical,0.1,https://live.euronext.com/en/products/etfs/list (pea=Yes)
FR0013041530,ESEH,"BNP PARIBAS EASY S&P 500 UCITS ETF, a sub-fund of BNP PARIBAS EASY FR, share class EUR H (FR0013041530)",BNP PARIBAS ASSET MANAGEMENT Europe,S&P 500 Daily Euro Hedged,synthetic,0.03,https://live.euronext.com/en/products/etfs/list (pea=Yes)
FR0013346681,OBLI,Solactive €STR Overnight Total Return ✓ éligible PEA,Amundi Asset Management,Solactive ESTR Overnight Total Return Index,synthetic,0.25,https://live.euronext.com/en/products/etfs/list (pea=Yes)
FR0013380607,CACC,Amundi CAC 40 UCITS ETF - EUR ACC (CACC),Amundi Asset Management,CAC 40 Total Return Index,physical,0.25,https://live.euronext.com/en/products/etfs/list (pea=Yes)
FR0013411980,PTPXE,Amundi PEA Japon (TOPIX) UCITS ETF - EUR DIS (PTPXE),Amundi Asset Management,Topix Total Return Index JPY,synthetic,0.2,https://live.euronext.com/en/products/etfs/list (pea=Yes)
FR0013411998,PTPXH,Amundi PEA Japon (TOPIX) UCITS ETF - EUR DIS H (PTPXH),Amundi Asset Management,TOPIX Total Return EUR Daily Hedge Index,synthetic,0.48,https://live.euronext.com/en/products/etfs/list (pea=Yes)
FR0013412004,PALAT,"Type: Units of Amundi PEA Amerique Latine (MSCI Emerging Latin America) Selection UCITS ETF, a UCITS (Undertaking for Collective Investment in",Amundi Asset Management,MSCI EM Latin America Selection 20/35% Capped Index,synthetic,0.3,https://live.euronext.com/en/products/etfs/list (pea=Yes)
FR0013412012,PAASI,Amundi PEA Asie Emergente (MSCI Emerging Asia) Screened UCITS ETF EUR (C/D),Amundi Asset Management,MSCI EM Asia Screened Select ex Thermal Coal Index,synthetic,0.3,https://live.euronext.com/en/products/etfs/list (pea=Yes)
FR0013412020,PAEEM,Amundi PEA Emergent (MSCI Emerging) ESG Transition UCITS ETF - EUR DIS (PAEEM),Amundi Asset Management,MSCI EM ex-Egypt ESG Broad CTB Select Index,synthetic,0.3,https://live.euronext.com/en/products/etfs/list (pea=Yes)
FR0013412038,PCEU,Amundi PEA MSCI Europe UCITS ETF - EUR DIS (PCEU),Amundi Asset Management,MSCI Europe Net TR EUR Index,synthetic,0.15,https://live.euronext.com/en/products/etfs/list (pea=Yes)
FR0013412269,PANX,Amundi PEA US Tech Screened UCITS ETF - EUR DIS (PANX),Amundi Asset Management,Solactive ISS ESG US Tech 100 Index,synthetic,0.3,https://live.euronext.com/en/products/etfs/list (pea=Yes)
FR0013412285,PE500,Amundi PEA S&P 500 Screened UCITS ETF - EUR ACC (PE500),Amundi Asset Management,S&P 500 Scored & Screened+ Index (USD) NTR,synthetic,0.25,https://live.euronext.com/en/products/etfs/list (pea=Yes)
FR0013412293,P500H,Amundi PEA S&P 500 Screened UCITS ETF - EUR DIS H (P500H),Amundi Asset Management,S&P 500 Scored & Screened+ EUR Hedged Index NTR,synthetic,0.28,https://live.euronext.com/en/products/etfs/list (pea=Yes)
FR0014002H76,MIBA,Amundi FTSE MIB UCITS ETF Acc,Amundi,FTSE MIB Net Total Return Index,physical,0.35,https://www.boursedirect.fr/api/instrument/v3/search?nature=tracker&pea=true
FR001400KE06,COSE,Amundi PEA S&P US Consumer Staples Screened UCITS ETF - EUR ACC (COSE),Amundi Asset Management,S&P 500 Plus Consumer Staples Enhanced Weighted & Screened Index,synthetic,0.5,https://live.euronext.com/en/products/etfs/list (pea=Yes)
FR001400KH45,USVE,Amundi PEA MSCI USA Value Advanced UCITS ETF - EUR ACC (USVE),Amundi Asset Management,MSCI USA Value Advanced Target Index,synthetic,0.5,https://live.euronext.com/en/products/etfs/list (pea=Yes)
FR001400S9V0,MLUX,Amundi PEA Luxe Mnd UCITS ETF Acc (MLUX),Amundi Asset Management,S&P Global Luxury Index Net TR,synthetic,0.3,https://live.euronext.com/en/products/etfs/list (pea=Yes)
FR001400U5Q4,DCAM,AMUNDI PEA MONDE (MSCI World) UCITS ETF - Acc EUR ACC (DCAM),Amundi Asset Management,MSCI Daily Net TR World Euro,synthetic,0.2,https://live.euronext.com/en/products/etfs/list (pea=Yes)
FR001400XS96,CM5E,CM-AM Euro Stoxx 50 UCITS ETF (CM5E),Crédit Mutuel Asset Management,,,0.09,https://live.euronext.com/en/products/etfs/list (pea=Yes)
FR001400ZGO4,PEMS,Amundi PEA Emergent (MSCI Emerging) ESG Transition UCITS ETF - S EUR ACC (PEMS),Amundi Asset Management,MSCI EM ex-Egypt ESG Broad CTB Select Index,synthetic,0.3,https://live.euronext.com/en/products/etfs/list (pea=Yes)
FR001400ZGP1,MSES,Amundi EURO STOXX 50 II UCITS ETF - S ACC (MSES),Amundi Asset Management,EURO STOXX 50 Net Return EUR,physical,0.2,https://live.euronext.com/en/products/etfs/list (pea=Yes)
FR001400ZGQ9,CA40,Amundi CAC 40 UCITS ETF - S EUR ACC (CA40),Amundi Asset Management,CAC 40 Total Return Index,physical,0.25,https://live.euronext.com/en/products/etfs/list (pea=Yes)
FR001400ZGR7,PNAS,Amundi PEA Nasdaq-100 UCITS ETF - S EUR ACC (PNAS),Amundi Asset Management,NASDAQ-100 Notional Net Total Return Index,synthetic,0.3,https://live.euronext.com/en/products/etfs/list (pea=Yes)
FR001400ZGS5,PSPS,Amundi PEA S&P 500 Screened UCITS ETF - S EUR ACC (PSPS),Amundi Asset Management,S&P 500 Scored & Screened+ Index (USD) NTR,synthetic,0.25,https://live.euronext.com/en/products/etfs/list (pea=Yes)
FR0014010HV4,LWLD,Amundi MSCI World (2x) Leveraged UCITS ETF - USD ACC (LWLD),Amundi,MSCI World Leveraged 2X Daily (Net) USD Index,synthetic,0.6,https://live.euronext.com/en/products/etfs/list (pea=Yes)
FR0014015ZN2,MD4C,Amundi MDAX UCITS ETF Acc,Amundi,MDAX Net Return,physical,0.2,https://www.amundietf.fr/fr/particuliers/produits/equity/amundi-mdax-ucits-etf-acc/fr0014015zn2
FR0014017NX3,GPEA,Amundi PEA Global (MSCI ACWI) UCITS ETF Acc (GPEA),Amundi Asset Management,MSCI AC World Index Daily Net TR EUR,synthetic,0.3,https://live.euronext.com/en/products/etfs/list (pea=Yes)
FR0014018VJ3,EDHE,Amundi MSCI EMU High Dividend UCITS ETF Dist,Amundi,MSCI EMU High Dividend Yield Net Total Return Local Index,physical,0.3,https://www.amundietf.fr/fr/particuliers/produits/equity/amundi-msci-emu-high-dividend-ucits-etf-dist/fr0014018vj3
IE00004PGEY9,JREZ,JPM Eurozone Research Enhanced Index Equity Active UCITS ETF - EUR (acc),JPMorgan,,,0.25,https://www.boursedirect.fr/api/instrument/v3/search?nature=tracker&pea=true
IE0002XZSHO1,WPEA,iShares MSCI World Swap PEA UCITS ETF - EUR ACC (WPEA),BlackRock Asset Management Ireland,MSCI World Index,synthetic,0.2,https://live.euronext.com/en/products/etfs/list (pea=Yes)
IE00055B2JD3,WPEH,iShares MSCI World Swap PEA UCITS ETF - EUR ACC H (WPEH),BlackRock Asset Management Ireland,MSCI World Index,synthetic,0.2,https://live.euronext.com/en/products/etfs/list (pea=Yes)
IE00069H3LK0,VESC,Vanguard FTSE Developed Europe Small-Cap UCITS ETF EUR Accumulating,,,,,https://live.euronext.com/en/products/etfs/list (pea=Yes)
IE0008471009,EUEA,"iShares Core EURO STOXX 50 UCITS ETF EUR (Dist) (the ""Fund""), EUR Dist (the ""Share Class""), ISIN: IE0008471009, is authorised in Ireland",BlackRock Asset Management Ireland,STOXX Eurozone 50 (Net Return),physical,0.1,https://live.euronext.com/en/products/etfs/list (pea=Yes)
IE000AFVONT7,WBLD,WisdomTree Europe Infrastructure UCITS ETF - EUR ACC (WBLD),,,,,https://live.euronext.com/en/products/etfs/list (pea=Yes)
IE000DQLYVB9,SPEA,iShares S&P 500 Swap PEA UCITS ETF EUR (Acc) (SPEA),iShares,S&P 500 Net TR Index (EUR),synthetic,0.1,https://live.euronext.com/en/products/etfs/list (pea=Yes)
IE000FOSCLU1,MPAB,"iShares MSCI EMU Paris-Aligned Climate UCITS ETF (the ""Fund""), EUR Dist (the ""Share Class""), ISIN: IE000FOSCLU1, is authorised in",BlackRock Asset Management Ireland,MSCI EMU CLIMATE PARIS ALIGNED BENCHMARK SELECT PAB INDEX (EUR),physical,0.15,https://live.euronext.com/en/products/etfs/list (pea=Yes)
IE000I4R3252,EPEA,iShares EUR Short Term Swap PEA UCITS ETF EUR (Acc) (EPEA),iShares,Solactive ESTR +8.5 T+2 Settlement Daily Total Return Index,synthetic,0.2,https://live.euronext.com/en/products/etfs/list (pea=Yes)
IE000K7PC2G4,VESD,Vanguard FTSE Developed Europe Small-Cap UCITS ETF EUR Distributing,,,,,https://live.euronext.com/en/products/etfs/list (pea=Yes)
IE000MWUQBJ0,H50A,HSBC EURO STOXX 50 UCITS ETF EUR (Acc),HSBC Asset Management,EURO STOXX 50 Net,physical,0.05,https://www.boursedirect.fr/api/instrument/v3/search?nature=tracker&pea=true
IE000OV4XWA3,NTSZ,WisdomTree Eurozone Efficient Core UCITS ETF - EUR ACC (NTSZ-XPAR),WisdomTree Management Limited,,,0.2,https://live.euronext.com/en/products/etfs/list (pea=Yes)
IE000PS0J481,BRIJ,Global X European Infrastructure Development UCITS ETF EUR Accumulating,,,,0.47,https://www.boursedirect.fr/api/instrument/v3/search?nature=tracker&pea=true
IE000Q4J3CW6,VEZU,Vanguard FTSE Eurozone UCITS ETF EUR Accumulating,Vanguard,FTSE Eurozone Index,physical,0.07,https://live.euronext.com/en/products/etfs/list (pea=Yes)
IE000VCBWFL8,XZDZ,Xtrackers MSCI EMU High Dividend Yield ESG UCITS ETF 1D,Xtrackers (DWS),,,0.25,https://raw.githubusercontent.com/majordomef-sudo/pea-comparator/main/etf-data.js
IE000VH3JSL8,VEZI,Vanguard FTSE Eurozone UCITS ETF EUR Distributing,,,,0.07,https://live.euronext.com/en/products/etfs/list (pea=Yes)
IE00B0M62S72,IQQA,iShares Euro Dividend UCITS ETF,,,,0.4,https://www.justetf.com/fr/search.html?search=ETFS&pea=true
IE00B23D8X81,PSRE,"Name of Product: Invesco RAFI Europe Fundamental Value UCITS ETF (the ""Fund""), a sub-fund of Invesco Markets III plc (the ""Company""), Dist (ISIN: IE00",Invesco,,,0.39,https://www.boursedirect.fr/api/instrument/v3/search?nature=tracker&pea=true
IE00B4K6B022,50E,HSBC EURO STOXX 50 UCITS ETF - DIS (50E),HSBC Investment Funds (Luxembourg) S.A.,EURO STOXX 50 Net,physical,0.05,https://live.euronext.com/en/products/etfs/list (pea=Yes)
IE00B53L3W79,CSX5,"iShares Core EURO STOXX 50 UCITS ETF (the ""Fund""), EUR Accu (the ""Share Class""), ISIN: IE00B53L3W79, is authorised in Ireland and",BlackRock Asset Management Ireland,STOXX Eurozone 50 (Net Return),physical,0.1,https://live.euronext.com/en/products/etfs/list (pea=Yes)
IE00B53QG562,CEMU,"iShares Core MSCI EMU UCITS ETF (the ""Fund""), EUR Accu (the ""Share Class""), ISIN: IE00B53QG562, is authorised in Ireland and",BlackRock Asset Management Ireland,MSCI EMU Net Index (EUR),physical,0.12,https://live.euronext.com/en/products/etfs/list (pea=Yes)
IE00B5M1WJ87,EUDV,State Street SPDR S&P Euro Dividend Aristocrats UCITS ETF - EUR DIS (EUDV),State Street Global Advisors Europe Limited,S&P Euro High Yield Dividend Aristocrats Index,physical,0.3,https://live.euronext.com/en/products/etfs/list (pea=Yes)
IE00B8X9NY41,FEUZ,First Trust Eurozone AlphaDEX UCITS ETF - A EUR ACC (FEUZ),First Trust Global Portfolios Management Limited,,,0.65,https://live.euronext.com/en/products/etfs/list (pea=Yes)
IE00B8X9NZ57,FKU,FIRST TRUST GLOBAL FUNDS ICAV,,,,,https://www.boursedirect.fr/api/instrument/v3/search?nature=tracker&pea=true
IE00B910VR50,ZPRE,"State Street SPDR MSCI EMU UCITS ETF (""Fund"")",State Street Global Advisors Europe Limited,MSCI EMU Index,physical,0.08,https://www.boursedirect.fr/api/instrument/v3/search?nature=tracker&pea=true
IE00B945VV12,VEUR,Vanguard FTSE Developed Europe UCITS ETF Distributing,,,,0.1,https://investissements-faciles.com/meilleurs-etf-pea/
IE00B9MRJJ36,XDGM,Xtrackers MDAX ESG Screened UCITS ETF 1D,Xtrackers,MDAX® ESG Screened,physical,0.4,https://scanetf.com/screener (supabase etf_listing.is_pea_eligible=true)
IE00BDF16007,EEIP,WisdomTree Europe Equity Income UCITS ETF Acc,WisdomTree,WisdomTree Europe Equity Income,physical,0.29,https://raw.githubusercontent.com/majordomef-sudo/pea-comparator/main/etf-data.js
IE00BF2FL590,FEUD,First Trust Eurozone AlphaDEX UCITS ETF B Dist,Other,Nasdaq AlphaDEX® Eurozone,physical,0.65,https://www.boursedirect.fr/api/instrument/v3/search?nature=tracker&pea=true
IE00BFNM3B99,SAUM,"iShares MSCI EMU Screened UCITS ETF (the ""Fund""), EUR Accu (the ""Share Class""), ISIN: IE00BFNM3B99, is authorised in Ireland and",BlackRock (iShares),MSCI EMU SCREENED NET Index,physical,0.12,https://www.boursedirect.fr/api/instrument/v3/search?nature=tracker&pea=true
IE00BFNM3C07,SMUD,"iShares MSCI EMU Screened UCITS ETF (the ""Fund""), EUR Dist (the ""Share Class""), ISIN: IE00BFNM3C07, is authorised in Ireland and",BlackRock (iShares),MSCI EMU SCREENED NET Index,physical,0.12,https://www.boursedirect.fr/api/instrument/v3/search?nature=tracker&pea=true
IE00BFTWP510,ZPRL,State Street SPDR EURO STOXX Low Volatility UCITS ETF (Acc),State Street Global Advisors Europe Limited,EURO STOXX Low Risk Weighted 100 Index,physical,0.3,https://www.boursedirect.fr/api/instrument/v3/search?nature=tracker&pea=true
IE00BG0J9Y53,h,"iShares Core MSCI EMU UCITS ETF (the ""Fund""), Hedged GBP Dist (the ""Share Class""), ISIN: IE00BG0J9Y53, is authorised in Ireland and",BlackRock (iShares),,,0.12,https://bourse.fortuneo.fr/api/trackers/search/?page=1&additionalParams=%7B%22pea%22%3A%20%22true%22%7D
IE00BG143G97,VGER,Vanguard Germany All Cap UCITS ETF (EUR) Distributing,Vanguard,FTSE Germany All Cap Index,physical,0.07,https://www.boursedirect.fr/api/instrument/v3/search?nature=tracker&pea=true
IE00BHZPHZ28,EMUD,"iShares MSCI EMU CTB Enhanced ESG UCITS ETF (the ""Fund""), EUR Dist (the ""Share Class""), ISIN: IE00BHZPHZ28, is authorised in Ireland",BlackRock (iShares),MSCI EMU ESG Enhanced CTB Index,physical,0.12,https://www.boursedirect.fr/api/instrument/v3/search?nature=tracker&pea=true
IE00BHZPJ015,EDM4,"iShares MSCI EMU CTB Enhanced ESG UCITS ETF (the ""Fund""), EUR Accu (the ""Share Class""), ISIN: IE00BHZPJ015, is authorised in Ireland",BlackRock (iShares),MSCI EMU ESG Enhanced CTB Index,physical,0.12,https://www.boursedirect.fr/api/instrument/v3/search?nature=tracker&pea=true
IE00BJLKK341,SMUA,iShares MSCI EMU SRI UCITS ETF - EUR ACC (SMUA),BlackRock Asset Management Ireland,MSCI EMU SRI SELECT REDUCED FOSSIL FUEL NET Index (EUR),physical,0.2,https://live.euronext.com/en/products/etfs/list (pea=Yes)
IE00BK5BQY34,VERE,Vanguard FTSE Developed Europe ex UK UCITS ETF (EUR) Accumulating,Vanguard,FTSE Developed Europe ex U.K. Index,physical,0.1,https://www.boursedirect.fr/api/instrument/v3/search?nature=tracker&pea=true
IE00BKBF6616,CEUU,"iShares Core MSCI EMU UCITS ETF (the ""Fund""), Hedged USD Accu (the ""Share Class""), ISIN: IE00BKBF6616, is authorised in Ireland and",BlackRock (iShares),MSCI EMU Net Index (EUR),physical,0.15,https://live.euronext.com/en/products/etfs/list (pea=Yes)
IE00BKX55S42,VERX,Vanguard FTSE Developed Europe ex UK UCITS ETF (EUR) Distributing,Vanguard Group (Ireland) Limited,FTSE Developed Europ ex UK Ind,physical,0.1,https://live.euronext.com/en/products/etfs/list (pea=Yes)
IE00BL6K8D99,EMPA,"iShares MSCI EMU Paris-Aligned Climate UCITS ETF (the ""Fund""), EUR Accu (the ""Share Class""), ISIN: IE00BL6K8D99, is authorised in",BlackRock Asset Management Ireland,MSCI EMU CLIMATE PARIS ALIGNED BENCHMARK SELECT PAB INDEX (EUR),physical,0.15,https://live.euronext.com/en/products/etfs/list (pea=Yes)
IE00BMW42413,ESIT,"iShares MSCI Europe Information Technology Sector UCITS ETF (le « Fonds ») EUR Accu (la « Catégorie d’actions »), ISIN : IE00BMW42413",BlackRock (iShares),MSCI Europe Information Technology 20/35 Capped Index (EUR),physical,0.18,https://www.boursedirect.fr/api/instrument/v3/search?nature=tracker&pea=true
IE00BNC1G699,XZEZ,Xtrackers MSCI EMU ESG UCITS ETF 1C,Xtrackers (DWS),MSCI EMU Low Carbon SRI Selection,physical,0.2,https://raw.githubusercontent.com/majordomef-sudo/pea-comparator/main/etf-data.js
IE00BP3QZJ36,IFRE,iShares MSCI France UCITS ETF - EUR ACC (IFRE),BlackRock Asset Management Ireland,"MSCI Developed - France Net Returns, in EUR (Official levels)",physical,0.25,https://live.euronext.com/en/products/etfs/list (pea=Yes)
IE00BQZJBX31,EEI,WisdomTree Europe Equity Income UCITS ETF,WisdomTree,WisdomTree Europe Equity Income,physical,0.29,https://raw.githubusercontent.com/majordomef-sudo/pea-comparator/main/etf-data.js
IE00BWTNM966,FTGG,First Trust Germany AlphaDEX UCITS ETF Dist,,,,0.65,https://www.boursedirect.fr/api/instrument/v3/search?nature=tracker&pea=true
IE00BYXZ2585,CEUD,"iShares Core MSCI EMU UCITS ETF (the ""Fund""), EUR Dist (the ""Share Class""), ISIN: IE00BYXZ2585, is authorised in Ireland and",BlackRock (iShares),MSCI EMU Net Index (EUR),physical,0.12,https://www.boursedirect.fr/api/instrument/v3/search?nature=tracker&pea=true
IE00BZ4BMM98,EHDV,"Name of Product: Invesco EURO STOXX High Dividend Low Volatility UCITS ETF (the ""Fund""), a sub-fund of Invesco Markets III plc (the ""Company""), Dist (",Invesco,,,0.3,https://raw.githubusercontent.com/majordomef-sudo/pea-comparator/main/etf-data.js
IE00BZ56SY76,EGRW,WisdomTree Eurozone Quality Dividend Growth UCITS ETF EUR Dist,WisdomTree,WisdomTree Eurozone Quality Dividend Growth,physical,0.29,https://www.boursedirect.fr/api/instrument/v3/search?nature=tracker&pea=true
IE00BZ56TQ67,EGRA,WisdomTree Eurozone Quality Dividend Growth UCITS ETF - EUR ACC (EGRA),WisdomTree,WisdomTree Eurozone Quality Dividend Growth,physical,0.29,https://bourse.fortuneo.fr/api/trackers/search/?page=1&additionalParams=%7B%22pea%22%3A%20%22true%22%7D
LU0136234068,UIM1,UBS (Lux) Fund Solutions - UBS Core EURO STOXX 50 UCITS ETF - DIS (UIM1),UBS Fund Management (Luxembourg) S.A.,EURO STOXX® 50,physical,0.09,https://live.euronext.com/en/products/etfs/list (pea=Yes)
LU0252633754,DAX,Amundi DAX II - UCITS ETF Acc EUR ACC (DAX),Amundi Luxembourg S.A.,DAX INDEX,physical,0.15,https://live.euronext.com/en/products/etfs/list (pea=Yes)
LU0252634307,LVD,Amundi LevDax Daily (2x) leveraged - UCITS ETF Acc EUR ACC (LVD),Amundi Luxembourg S.A.,LevDAX Index,synthetic,0.35,https://live.euronext.com/en/products/etfs/list (pea=Yes)
LU0274211217,XESX,Xtrackers EURO STOXX 50 UCITS ETF 1D,Xtrackers (DWS),EURO STOXX® 50,physical,0.09,https://www.boursedirect.fr/api/instrument/v3/search?nature=tracker&pea=true
LU0274211480,XDAX,XTRACKERS DAX UCTSETF 1C EUR A,Xtrackers (DWS),DAX®,physical,0.09,https://www.boursedirect.fr/api/instrument/v3/search?nature=tracker&pea=true
LU0292095535,XD3E,EURO STOXX Quality Dividend 50 index ✓ éligible PEA,Xtrackers (DWS),EURO STOXX® Quality Dividend 50,physical,0.31,https://www.boursedirect.fr/api/instrument/v3/search?nature=tracker&pea=true
LU0322250985,DX2G,Xtrackers CAC 40 UCITS ETF 1D,Xtrackers,CAC 40®,physical,0.2,https://scanetf.com/screener (supabase etf_listing.is_pea_eligible=true)
LU0380865021,XESC,Xtrackers EURO STOXX 50 UCITS ETF 1C,Xtrackers (DWS),EURO STOXX® 50,physical,0.09,https://www.boursedirect.fr/api/instrument/v3/search?nature=tracker&pea=true
LU0599612842,EUMV,OSSIAM EUROPE ESG MACHINE LEARNING - UCITS ETF 1C (EUR),Expat Asset Management,Composite Bench A Europe ESG ML NR,physical,0.65,https://www.boursedirect.fr/api/instrument/v3/search?nature=tracker&pea=true
LU0599613147,S6EW,OSSIAM STOXX EUROPE 600 ESG EQUAL WEIGHT NR - UCITS ETF 1C (EUR),Expat Asset Management,STOXX EUROPE 600 Equal Weight,,0.35,https://live.euronext.com/en/products/etfs/list (pea=Yes)
LU0629460675,UIMR,UBS (Lux) Fund Solutions - UBS MSCI EMU Socially Responsible UCITS ETF - EUR DIS (UIMR),UBS Fund Management (Luxembourg) S.A.,MSCI EMU SRI Low Carbon Select 5% Issuer Capped,physical,0.2,https://live.euronext.com/en/products/etfs/list (pea=Yes)
LU0811899946,0HAB,OSSIAM LUX EUROPE ESG MACHINE,,,,,https://www.boursedirect.fr/api/instrument/v3/search?nature=tracker&pea=true
LU0838782315,XDDX,Xtrackers DAX ESG Screened UCITS ETF 1D,Xtrackers (DWS),DAX® ESG Screened,physical,0.09,https://www.boursedirect.fr/api/instrument/v3/search?nature=tracker&pea=true
LU0846194776,XD5E,Xtrackers MSCI EMU UCITS ETF 1D,Xtrackers (DWS),MSCI EMU,physical,0.09,https://www.boursedirect.fr/api/instrument/v3/search?nature=tracker&pea=true
LU0908500753,,Amundi Core STOXX Europe 600 UCITS ETF Acc,Amundi,,,0.07,https://finref.fr/fiches/liste-etf-pea-eligibles/
LU0908501058,MFED,AMUNDI MSCI EMU ESG Broad Transition - UCITS ETF ACC EUR ACC (MFED),Amundi Luxembourg S.A.,MSCI EMU ESG Broad CTB Select Net Total Return Index,physical,0.12,https://live.euronext.com/en/products/etfs/list (pea=Yes)
LU0908501132,MFDD,Amundi MSCI EMU ESG Broad Transition UCITS ETF Dist,Amundi,MSCI EMU ESG Broad CTB Select Net Total Return Index,physical,0.12,https://www.boursedirect.fr/api/instrument/v3/search?nature=tracker&pea=true
LU0950674761,EMUSRI,UBS MSCI EMU Socially Responsible UCITS ETF EUR acc,UBS,MSCI EMU SRI Low Carbon Select 5% Issuer Capped,physical,0.2,https://www.boursedirect.fr/api/instrument/v3/search?nature=tracker&pea=true
LU1079842321,CAPE,Ossiam Shiller Barclays Cape Europe Sector Value TR - UCITS ETF 1C (EUR) USD ACC (CAPE),OSSIAM,Shiller Barclays CAPE Europe Sector Value,synthetic,0.65,https://live.euronext.com/en/products/etfs/list (pea=Yes)
LU1127514245,XD5D,Xtrackers MSCI EMU UCITS ETF 1C - USD Hedged,Xtrackers (DWS),MSCI EMU (USD Hedged),physical,0.17,https://raw.githubusercontent.com/majordomef-sudo/pea-comparator/main/etf-data.js
LU1215828218,XDUE,Xtrackers MSCI EMU UCITS ETF 3C CHF hedged,Xtrackers (DWS),MSCI EMU (CHF Hedged),physical,0.17,https://raw.githubusercontent.com/majordomef-sudo/pea-comparator/main/etf-data.js
LU1221100792,0HDC,Xtrackers DAX ESG Screened UCITS ETF 2C USD Hedged,Xtrackers (DWS),DAX® ESG Screened (USD Hedged),physical,0.19,https://www.boursedirect.fr/api/instrument/v3/search?nature=tracker&pea=true
LU1221102491,XDCH,Xtrackers DAX ESG Screened UCITS ETF 4C CHF Hedged,Xtrackers (DWS),DAX® ESG Screened (CHF Hedged),physical,0.19,https://www.boursedirect.fr/api/instrument/v3/search?nature=tracker&pea=true
LU1273642816,EUSRS,UBS MSCI EMU Socially Responsible UCITS ETF hCHF acc,UBS,MSCI EMU SRI Low Carbon Select 5% Issuer Capped (CHF Hedged),physical,0.23,https://www.boursedirect.fr/api/instrument/v3/search?nature=tracker&pea=true
LU1273642907,EUSRT,UBS MSCI EMU Socially Responsible UCITS ETF hCHF dis,UBS,MSCI EMU SRI Low Carbon Select 5% Issuer Capped (CHF Hedged),physical,0.23,https://www.boursedirect.fr/api/instrument/v3/search?nature=tracker&pea=true
LU1280300770,0HE1,UBS MSCI EMU Socially Responsible UCITS ETF hUSD acc,UBS,MSCI EMU SRI Low Carbon Select 5% Issuer Capped (USD Hedged),physical,0.23,https://www.boursedirect.fr/api/instrument/v3/search?nature=tracker&pea=true
LU1280300853,EUSR,UBS MSCI EMU Socially Responsible UCITS ETF hGBP dis,UBS,MSCI EMU SRI Low Carbon Select 5% Issuer Capped (GBP Hedged),physical,0.23,https://www.boursedirect.fr/api/instrument/v3/search?nature=tracker&pea=true
LU1291098827,EEMU,"MSCI EMU Min TE, a sub-fund of BNP PARIBAS EASY, share class: UCITS ETF Capitalisation (LU1291098827)",BNP Paribas Asset Management Luxembourg,MSCI EMU Select Filtered Min TE,physical,0.15,https://live.euronext.com/en/products/etfs/list (pea=Yes)
LU1327051279,DSP5,Amundi Nasdaq-100 Daily (-1x) Inverse UCITS ETF - USD ACC (DSP5),Amundi Asset Management,NASDAQ-100 1x Short Total Return Index,synthetic,0.6,https://live.euronext.com/en/products/etfs/list (pea=Yes)
LU1349386927,XDDA,Xtrackers DAX UCITS ETF 1D,Xtrackers,DAX®,physical,0.09,https://www.boursedirect.fr/api/instrument/v3/search?nature=tracker&pea=true
LU1377381717,EVOE,BNP Paribas Easy ESG Equity Low Vol Europe UCITS ETF Cap (EVOE),BNP Paribas Asset Management Luxembourg,BNPP LOW VOL EUROPE ESG NTR,synthetic,0.18,https://live.euronext.com/en/products/etfs/list (pea=Yes)
LU1377382103,EQUA,BNP Paribas Easy ESG Equity Quality Europe UCITS ETF Cap (EQUA),BNP Paribas Asset Management Luxembourg,BNPP QUALITY EUROPE ESG NTR,synthetic,0.18,https://live.euronext.com/en/products/etfs/list (pea=Yes)
LU1377382285,EVAE,BNP Paribas Easy ESG Equity Value Europe UCITS ETF Cap (EVAE),BNP Paribas Asset Management Luxembourg,BNPP VALUE EUROPE ESG NTR,synthetic,0.18,https://live.euronext.com/en/products/etfs/list (pea=Yes)
LU1481201025,VLED,BNP Paribas Easy ESG Equity Low Vol Europe UCITS ETF Dis (VLED),BNP Paribas Asset Management Luxembourg,BNP Paribas Low Vol Europe,synthetic,0.31,https://live.euronext.com/en/products/etfs/list (pea=Yes)
LU1481201611,QUED,BNP Paribas Easy ESG Equity Quality Europe UCITS ETF Dis (QUED),BNP Paribas Asset Management Luxembourg,BNP Paribas Quality Europe,synthetic,0.31,https://live.euronext.com/en/products/etfs/list (pea=Yes)
LU1481201702,VALD,BNP Paribas Easy ESG Equity Value Europe UCITS ETF Dis (VALD),BNP Paribas Asset Management Luxembourg,BNP Paribas Value Europe,synthetic,0.31,https://live.euronext.com/en/products/etfs/list (pea=Yes)
LU1598689153,MMS,Amundi MSCI EMU Small Cap ESG Broad Transition - UCITS ETF DIST EUR DIS (MMS),Amundi Luxembourg S.A.,MSCI EMU Small Cap ESG Broad CTB Select Custom Net EUR Index,physical,0.4,https://live.euronext.com/en/products/etfs/list (pea=Yes)
LU1598690169,VAL,Amundi MSCI EMU Value Factor - UCITS ETF Dist EUR DIS (VAL),Amundi Luxembourg S.A.,MSCI EMU Value Net Return EUR Index,physical,0.4,https://live.euronext.com/en/products/etfs/list (pea=Yes)
LU1602144575,CMU,Amundi MSCI EMU ESG Selection - UCITS ETF DR EUR ACC (CMU),Amundi Luxembourg S.A.,MSCI EMU ESG Selection P-Series 5% Issuer Capped Index,physical,0.25,https://live.euronext.com/en/products/etfs/list (pea=Yes)
LU1615090864,EDEU,BNP PARIBAS EASY Dividend Europe - UCITS ETF EUR ACC (EDEU),BNP Paribas Asset Management Luxembourg,BNP Paribas High Dividend Europe,synthetic,0.18,https://live.euronext.com/en/products/etfs/list (pea=Yes)
LU1646360971,MFE,Amundi Core MSCI EMU - EUR DIS (MFE),Amundi Luxembourg S.A.,MSCI EMU Net Return EUR Index,physical,0.12,https://live.euronext.com/en/products/etfs/list (pea=Yes)
LU1646361276,MFEC,Amundi Core MSCI EMU - EUR ACC (MFEC),Amundi Luxembourg S.A.,MSCI EMU Net Return EUR Index,physical,0.12,https://live.euronext.com/en/products/etfs/list (pea=Yes)
LU1655103486,OP4E,Ossiam Bloomberg Europe ex Eurozone PAB NR - UCITS ETF 1C (EUR),Expat Asset Management,,,0.17,https://live.euronext.com/en/products/etfs/list (pea=Yes)
LU1655103643,OP5E,Ossiam Bloomberg Japan PAB NR - UCITS ETF 1C (EUR),OSSIAM,,,,https://live.euronext.com/en/products/etfs/list (pea=Yes)
LU1655103726,OP5H,Ossiam Bloomberg Japan PAB NR - UCITS ETF H1C (EUR HEDGED),OSSIAM,,,,https://live.euronext.com/en/products/etfs/list (pea=Yes)
LU1659681313,EISR,BNP Paribas Easy MSCI Emerging SRI PAB UCITS ETF,BNP Paribas Asset Management Luxembourg,,,,https://live.euronext.com/en/products/etfs/list (pea=Yes)
LU1681037518,FMI,Amundi Italy MIB ESG UCITS ETF DR - EUR (C),Amundi Luxembourg S.A.,MIB ESG Index,physical,0.18,https://live.euronext.com/en/products/etfs/list (pea=Yes)
LU1681038672,RS2K,AMUNDI RUSSELL 2000 - UCITS ETF - EUR ACC (RS2K),Amundi Luxembourg S.A.,Russell 2000 Net 30% Total Ret,synthetic,0.35,https://live.euronext.com/en/products/etfs/list (pea=Yes)
LU1681038839,RS2U,AMUNDI RUSSELL 2000 - UCITS ETF - USD ACC (RS2U),Amundi Luxembourg S.A.,Russell 2000 Net 30% Total Ret,synthetic,0.35,https://live.euronext.com/en/products/etfs/list (pea=Yes)
LU1681042609,,Amundi MSCI Europe ESG Broad Transition UCITS ETF EUR Acc,Amundi,,,0.15,https://finref.fr/fiches/liste-etf-pea-eligibles/
LU1681042864,CU2,Amundi PEA MSCI USA ESG Selection - UCITS ETF - EUR ACC (CU2),Amundi Luxembourg S.A.,MSCI USA ESG Selection P-Series 5% Issuer Capped,synthetic,0.35,https://live.euronext.com/en/products/etfs/list (pea=Yes)
LU1681042948,CU2U,Amundi PEA MSCI USA ESG Selection - UCITS ETF - USD ACC (CU2U),Amundi Luxembourg S.A.,MSCI USA ESG Selection P-Series 5% Issuer Capped,synthetic,0.35,https://live.euronext.com/en/products/etfs/list (pea=Yes)
LU1681043599,CW8,Amundi MSCI World Swap - UCITS ETF - EUR ACC (CW8),Amundi Luxembourg S.A.,MSCI Daily Net TR World Euro,synthetic,0.38,https://live.euronext.com/en/products/etfs/list (pea=Yes)
LU1681043672,CW8U,Amundi MSCI World Swap - UCITS ETF - USD ACC (CW8U),Amundi Luxembourg S.A.,MSCI Daily Net TR World Euro,synthetic,0.38,https://live.euronext.com/en/products/etfs/list (pea=Yes)
LU1681046931,C40,AMUNDI CAC 40 ESG UCITS ETF DR - EUR (C) (C40),Amundi Luxembourg S.A.,CAC 40 ESG NR,physical,0.25,https://live.euronext.com/en/products/etfs/list (pea=Yes)
LU1681047079,C4D,AMUNDI CAC 40 ESG UCITS ETF DR - EUR (D) (C4D),Amundi Luxembourg S.A.,CAC 40 ESG NR,physical,0.25,https://live.euronext.com/en/products/etfs/list (pea=Yes)
LU1681047236,C50,Amundi Core EURO STOXX 50 - UCITS ETF DR - EUR ACC (C50),Amundi Luxembourg S.A.,EURO STOXX 50 Net Return EUR,physical,0.09,https://live.euronext.com/en/products/etfs/list (pea=Yes)
LU1681047319,CD5,Amundi Core EURO STOXX 50 - UCITS ETF DR - EUR (D) DIS (CD5),Amundi Luxembourg S.A.,EURO STOXX 50 Net Return EUR,physical,0.09,https://live.euronext.com/en/products/etfs/list (pea=Yes)
LU1681047400,C50U,Amundi Core EURO STOXX 50 - UCITS ETF DR - USD ACC (C50U),Amundi Luxembourg S.A.,EURO STOXX 50 Net Return EUR,physical,0.09,https://live.euronext.com/en/products/etfs/list (pea=Yes)
LU1812092168,SEL,Amundi Stoxx Europe Select Dividend 30 - UCITS ETF - EUR DIS (SEL),Amundi Luxembourg S.A.,STOXX Europe Select Dividend 30 Net Return EUR,synthetic,0.3,https://live.euronext.com/en/products/etfs/list (pea=Yes)
LU1829219390,BNKE,Amundi Euro Stoxx Banks UCITS ETF - EUR ACC (BNKE),Amundi Luxembourg S.A.,EURO STOXX Banks Net Return EUR,physical,0.3,https://live.euronext.com/en/products/etfs/list (pea=Yes)
LU1834983477,BNK,Amundi STOXX Europe 600 Banks - UCITS ETF Acc EUR ACC (BNK),Amundi Asset Management,STOXX Europe 600 Banks Net Return EUR,synthetic,0.3,https://live.euronext.com/en/products/etfs/list (pea=Yes)
LU1834983550,BRES,Amundi STOXX Europe 600 Basic Resources - UCITS ETF Acc EUR ACC (BRES),Amundi Luxembourg S.A.,STOXX Europe 600 Basic Resources Net Return EUR,synthetic,0.3,https://live.euronext.com/en/products/etfs/list (pea=Yes)
LU1834983634,CHM,Amundi STOXX Europe 600 Basic Materials UCITS ETF - EUR ACC (CHM),Amundi Asset Management,STOXX Europe 600 Industry Basic Materials 30-15 EUR Net Return,synthetic,0.3,https://live.euronext.com/en/products/etfs/list (pea=Yes)
LU1834985845,FOO,Amundi STOXX Europe 600 Consumer Staples UCITS ETF - EUR ACC (FOO),Amundi Luxembourg S.A.,STOXX Europe 600 Industry Consumer Staples 30-15 EUR Net Return,synthetic,0.3,https://live.euronext.com/en/products/etfs/list (pea=Yes)
LU1834986900,HLT,Amundi STOXX Europe 600 Healthcare UCITS ETF Acc,Amundi Luxembourg S.A.,STOXX Europe 600 Health Care Net Return EUR,synthetic,0.3,https://live.euronext.com/en/products/etfs/list (pea=Yes)
LU1834987890,IND,Amundi STOXX Europe 600 Industrials UCITS ETF - EUR ACC (IND),Amundi Luxembourg S.A.,STOXX Europe 600 Industry Industrials 30-15 EUR Net Return,synthetic,0.3,https://live.euronext.com/en/products/etfs/list (pea=Yes)
LU1834987973,INS,AMUNDI STOXX EUROPE 600 INSURANCE - UCITS ETF Acc ACC (INS),Amundi Luxembourg S.A.,STOXX Europe 600 Insurance Net Return EUR,synthetic,0.3,https://live.euronext.com/en/products/etfs/list (pea=Yes)
LU1834988518,TNO,AMUNDI STOXX EUROPE 600 TECHNOLOGY UCITS ETF - ACC (TNO),Amundi Luxembourg S.A.,STOXX Europe 600 Technology Net Return EUR,synthetic,0.3,https://live.euronext.com/en/products/etfs/list (pea=Yes)
LU1834988609,TELE,AMUNDI STOXX EUROPE 600 TELECOMMUNICATIONS - UCITS ETF Acc ACC (TELE),Amundi Luxembourg S.A.,STOXX Europe 600 Telecommunications Net Return EUR,synthetic,0.3,https://live.euronext.com/en/products/etfs/list (pea=Yes)
LU1834988781,TRV,Amundi STOXX Europe 600 Consumer Discretionary - UCITS ETF Acc EUR ACC (TRV),Amundi Luxembourg S.A.,STOXX Europe 600 Industry Consumer Discretionary 30-15 EUR Net Return,synthetic,0.3,https://live.euronext.com/en/products/etfs/list (pea=Yes)
LU1834988864,UTI,AMUNDI STOXX EUROPE 600 UTILITIES UCITS ETF - ACC (UTI),Amundi Luxembourg S.A.,STOXX Europe 600 Utilities Net Return EUR,synthetic,0.3,https://live.euronext.com/en/products/etfs/list (pea=Yes)
LU1847674733,OP2E,Ossiam Bloomberg Eurozone PAB NR - UCITS ETF 1C EUR ACC (OP2E),Expat Asset Management,Bloomberg Eurozone PAB NR,physical,0.17,https://live.euronext.com/en/products/etfs/list (pea=Yes)
LU1920015366,XEMU,Xtrackers MSCI EMU UCITS ETF 4C,Xtrackers (DWS),,,0.09,https://raw.githubusercontent.com/majordomef-sudo/pea-comparator/main/etf-data.js
LU1931974429,PRIZ,Amundi Prime Eurozone UCITS ETF DR (D),Amundi,Solactive GBS Developed Markets Eurozone Large & Mid Cap Index NTR,physical,0.05,https://www.boursedirect.fr/api/instrument/v3/search?nature=tracker&pea=true
LU1953137681,MUSRI,"MSCI EMU SRI PAB, a sub-fund of BNP PARIBAS EASY, share class: UCITS ETF Capitalisation (LU1953137681)",BNP Paribas Asset Management Luxembourg,MSCI EMU SRI S-Series PAB 5% Capped,physical,0.25,https://live.euronext.com/en/products/etfs/list (pea=Yes)
LU1971906802,UET5,UBS EURO STOXX 50 ESG UCITS ETF EUR dis,UBS,EURO STOXX® 50 ESG,physical,0.1,https://www.boursedirect.fr/api/instrument/v3/search?nature=tracker&pea=true
LU2059756325,CMUD,Amundi MSCI EMU ESG Selection - UCITS ETF DR EUR DIS (CMUD),Amundi Luxembourg S.A.,MSCI EMU ESG Selection P-Series 5% Issuer Capped Index,physical,0.25,https://live.euronext.com/en/products/etfs/list (pea=Yes)
LU2082996112,INDA,Amundi STOXX Europe 600 Banks UCITS ETF Dist,Amundi,STOXX Europe 600 Banks Net Return EUR,synthetic,0.3,https://www.boursedirect.fr/api/instrument/v3/search?nature=tracker&pea=true
LU2082996385,E6BR,Amundi STOXX Europe 600 Basic Resources UCITS ETF Dist,Amundi,STOXX Europe 600 Basic Resources Net Return EUR,synthetic,0.3,https://www.boursedirect.fr/api/instrument/v3/search?nature=tracker&pea=true
LU2082996542,LYX4,Amundi STOXX Europe 600 Basic Materials UCITS ETF Dist,Amundi,STOXX Europe 600 Industry Basic Materials 30-15 EUR Net Return,synthetic,0.3,https://www.boursedirect.fr/api/instrument/v3/search?nature=tracker&pea=true
LU2082997359,DFOP,Amundi STOXX Europe 600 Consumer Staples UCITS ETF Dist,Amundi,STOXX Europe 600 Industry Consumer Staples 30-15 EUR Net Return,synthetic,0.3,https://www.boursedirect.fr/api/instrument/v3/search?nature=tracker&pea=true
LU2082997516,EHLT,Amundi STOXX Europe 600 Healthcare UCITS ETF Dist,Amundi,STOXX Europe 600 Health Care Net Return EUR,synthetic,0.3,https://www.boursedirect.fr/api/instrument/v3/search?nature=tracker&pea=true
LU2082997789,INDU,Amundi STOXX Europe 600 Industrials UCITS ETF Dist,Amundi,STOXX Europe 600 Industry Industrials 30-15 EUR Net Return,synthetic,0.3,https://www.boursedirect.fr/api/instrument/v3/search?nature=tracker&pea=true
LU2082997946,EGV1,Amundi STOXX Europe 600 Insurance UCITS ETF Dist,Amundi,STOXX Europe 600 Insurance Net Return EUR,synthetic,0.3,https://www.boursedirect.fr/api/instrument/v3/search?nature=tracker&pea=true
LU2082998837,CSTA,Amundi STOXX Europe 600 Technology UCITS ETF Dist,Amundi,STOXX Europe 600 Technology Net Return EUR,synthetic,0.3,https://www.boursedirect.fr/api/instrument/v3/search?nature=tracker&pea=true
LU2082999058,INDB,Amundi STOXX Europe 600 Telecommunications UCITS ETF Dist,Amundi,STOXX Europe 600 Telecommunications Net Return EUR,synthetic,0.3,https://www.boursedirect.fr/api/instrument/v3/search?nature=tracker&pea=true
LU2082999132,6TVL,Amundi STOXX Europe 600 Consumer Discretionary UCITS ETF Dist,Amundi,STOXX Europe 600 Industry Consumer Discretionary 30-15 EUR Net Return,synthetic,0.3,https://www.boursedirect.fr/api/instrument/v3/search?nature=tracker&pea=true
LU2082999215,LUTL,Amundi STOXX Europe 600 Utilities UCITS ETF Dist,Amundi,STOXX Europe 600 Utilities Net Return EUR,synthetic,0.3,https://www.boursedirect.fr/api/instrument/v3/search?nature=tracker&pea=true
LU2089238112,PRAZ,Amundi Prime Eurozone UCITS ETF DR (C),Amundi,Solactive GBS Developed Markets Eurozone Large & Mid Cap Index NTR,physical,0.05,https://www.boursedirect.fr/api/instrument/v3/search?nature=tracker&pea=true
LU2090062436,LDAX,Amundi DAX II UCITS ETF Dist,Amundi,DAX INDEX,physical,0.15,https://www.boursedirect.fr/api/instrument/v3/search?nature=tracker&pea=true
LU2090062600,LVDX,Amundi LevDax Daily (2x) leveraged UCITS ETF Dist,Amundi,LevDAX Index,synthetic,0.35,https://www.boursedirect.fr/api/instrument/v3/search?nature=tracker&pea=true
LU2109787635,EESG,Amundi MSCI EMU SRI Climate Paris Aligned - UCITS ETF DR EUR ACC (EESG),Amundi Luxembourg S.A.,MSCI EMU SRI filtered PAB Index,physical,0.18,https://live.euronext.com/en/products/etfs/list (pea=Yes)
LU2182388582,PABZ,Amundi MSCI EMU Climate Paris Aligned - UCITS ETF EUR ACC (PABZ),Amundi Luxembourg S.A.,MSCI EMU Climate Paris Aligned Filtered PAB Index,physical,0.15,https://live.euronext.com/en/products/etfs/list (pea=Yes)
LU2195226068,EPAB,Amundi S&P Eurozone Climate Paris Aligned - UCITS ETF Acc EUR ACC (EPAB),Amundi Luxembourg S.A.,S&P Eurozone LargeMidCap Net Zero 2050 Paris-Aligned ESG,physical,0.2,https://live.euronext.com/en/products/etfs/list (pea=Yes)
LU2240851688,DECD,Amundi MSCI EMU Screened UCITS ETF EUR Acc,Amundi,MSCI EMU Screened Select ex Thermal Coal Net EUR Index,physical,0.12,https://www.boursedirect.fr/api/instrument/v3/search?nature=tracker&pea=true
LU2244387887,EGRO,BNP PARIBAS EASY Growth Europe - UCITS ETF EUR ACC (EGRO),BNP Paribas Asset Management Luxembourg,BNP Paribas Growth Europe,synthetic,0.31,https://live.euronext.com/en/products/etfs/list (pea=Yes)
LU2446381555,BIODV,"ESG Eurozone Biodiversity Leaders PAB, un compartiment de BNP PARIBAS EASY, action : UCITS ETF Capitalisation (LU2446381555)",BNP Paribas Easy,Euronext ESG Eurozone Biodiversity Leaders PAB,physical,0.35,https://raw.githubusercontent.com/majordomef-sudo/pea-comparator/main/etf-data.js
LU2491210618,OP6E,Ossiam Bloomberg Asia Pacific ex Japan PAB NR - UCITS ETF 1C (EUR),OSSIAM,,,,https://live.euronext.com/en/products/etfs/list (pea=Yes)
LU2572256662,AHYI,AMUNDI PEA DOW JONES INDUSTRIAL AVERAGE UCITS ETF DIST,Amundi,Dow Jones Industrial Average Net Total Return,synthetic,0.45,https://www.boursedirect.fr/api/instrument/v3/search?nature=tracker&pea=true
LU2611731667,C007,Amundi MDAX ESG UCITS ETF UCITS ETF Dist,Amundi,MDAX ESG+ (NR) EUR,physical,0.3,https://www.amundietf.fr/fr/particuliers/produits/equity/amundi-mdax-esg-ucits-etf-dist/lu2611731667
LU2655993207,EWLD,Amundi MSCI World Swap - UCITS ETF - EUR (D) DIS (EWLD),Amundi Luxembourg S.A.,MSCI Daily Net TR World Euro,synthetic,0.38,https://live.euronext.com/en/products/etfs/list (pea=Yes)
LU2932780914,EPAZ,Amundi S&P Eurozone Climate Paris Aligned UCITS ETF Dist,Amundi,S&P Eurozone LargeMidCap PAB ESG Index (EUR) NTR,physical,0.14,https://www.amundietf.fr/fr/particuliers/produits/equity/amundi-sp-eurozone-climate-paris-aligned-ucits-etf-dist/lu2932780914
LU3046617802,0CAC,Ossiam Lux - OSSIAM LUX CAC 40 NR UCITS ETF 1C(EUR) (0CAC),OSSIAM,CAC 40 Net Total Return Index,synthetic,0.18,https://live.euronext.com/en/products/etfs/list (pea=Yes)
LU3046617984,MEUR,Ossiam Lux-Ossiam MSCI Europe ETF 1C EUR (MEUR),Ossiam,MSCI Europe Net Total Return EUR,synthetic,0.12,https://bourse.fortuneo.fr/api/trackers/search/?page=1&additionalParams=%7B%22pea%22%3A%20%22true%22%7D
LU3047998896,GUARD,"Bloomberg Europe Defense, a sub-fund of BNP PARIBAS EASY, share class: UCITS ETF Capitalisation (LU3047998896)",BNP Paribas Asset Management Luxembourg,Bloomberg Europe Defense Select,physical,0.35,https://live.euronext.com/en/products/etfs/list (pea=Yes)
LU3047998979,EDEF,"Bloomberg Europe Defense, a sub-fund of BNP PARIBAS EASY, share class: UCITS ETF Distribution (LU3047998979)",BNP Paribas Easy,,,0.35,https://api.bnpparibas-am.com/push/sharesearchv2/PV_FR-FSE/4149?with_first_navs=false
LU3078637314,0EMU,Ossiam Lux - OSSIAM MSCI EMU UCITS ETF 1C EUR Accumulation (0EMU),Expat Asset Management,MSCI EMU Net Total Return EUR,synthetic,0.12,https://live.euronext.com/en/products/etfs/list (pea=Yes)
LU3086268227,AEMUS,"BNP PARIBAS EASY ESG ENHANCED EMU [UCITS ETF, C]",BNP Paribas Easy,,,0.1,https://api.bnpparibas-am.com/push/sharesearchv2/PV_FR-FSE/4149?with_first_navs=false
LU3174346000,OFIEU,Ofi Invest EMU Equity Active UCITS ETF (OFIEU),OFI Invest Lux,,,0.25,https://live.euronext.com/en/products/etfs/list (pea=Yes)
LU3180074463,INDEP,AMUNDI European Strategic Autonomy - UCITS ETF Acc EUR ACC (INDEP),Amundi Luxembourg S.A.,Euronext European Strategic Autonomy NR,physical,0.4,https://live.euronext.com/en/products/etfs/list (pea=Yes)
LU3195985372,IEMID,Indépendance AM Europe Mid UCITS ETF E (C) EUR (IEMID),Indépendance AM,,,,https://live.euronext.com/en/products/etfs/list (pea=Yes)
LU3215536486,EUZON,BNP PARIBAS EASY MSCI EMU - UCITS ETF EUR ACC (EUZON),BNP Paribas Asset Management Luxembourg,,,0.06,https://live.euronext.com/en/products/etfs/list (pea=Yes)
LU3215541056,OVNI,BNP Paribas Easy EUR Overnight PEA UCITS ETF EUR Acc (OVNI),BNP Paribas Asset Management Luxembourg,,synthetic,0.05,https://live.euronext.com/en/products/etfs/list (pea=Yes)
LU3243965608,EXSE,Exane Funds 2 - Exane Equity Select Focus Euro - UCITS ETF,,,,,https://live.euronext.com/en/products/etfs/list (pea=Yes)
NO0010257801,OBXD,DNB OBX,,,,,https://www.boursedirect.fr/api/instrument/v3/search?nature=tracker&pea=true

# ===================== UNVERIFIED =====================
# Single-source and/or not confirmed as an ETF by ESMA FIRDS.
# Every ISIN below was still read out of a fetched page --
# none is invented -- but the PEA flag is NOT corroborated.
# Verify against the fund prospectus/DIC before trusting.
# ======================================================
isin,ticker,name,issuer,index_tracked,replication,ter,source_url
BG9000011163,,EXPAT BULGARIA SOFIX UCITS ETF,Expat Asset Management,,,,https://raw.githubusercontent.com/majordomef-sudo/pea-comparator/main/etf-data.js
BGCROEX03189,,EXPAT CROATIA CROBEX UCITS ETF,Expat Asset Management,,,,https://raw.githubusercontent.com/majordomef-sudo/pea-comparator/main/etf-data.js
BGCZPX003174,,EXPAT CZECH PX UCITS ETF,Expat Asset Management,,,,https://raw.githubusercontent.com/majordomef-sudo/pea-comparator/main/etf-data.js
BGGRASE06174,,EXPAT GREECE ASE UCITS ETF,Expat Asset Management,,,,https://raw.githubusercontent.com/majordomef-sudo/pea-comparator/main/etf-data.js
BGHUBUX01189,,"ETF ""Expat Hungary BUX UCITS ETF",Expat Asset Management,,,,https://raw.githubusercontent.com/majordomef-sudo/pea-comparator/main/etf-data.js
BGMACMB06181,,EXPAT MACEDONIA MBI10 UCITS ETF,Expat Asset Management,,,,https://raw.githubusercontent.com/majordomef-sudo/pea-comparator/main/etf-data.js
BGPLWIG04173,,EXPAT POLAND WIG20 UCITS ETF,Expat Asset Management,,,,https://raw.githubusercontent.com/majordomef-sudo/pea-comparator/main/etf-data.js
BGROBET05176,,EXPAT ROMANIA BET UCITS ETF,Expat Asset Management,,,,https://raw.githubusercontent.com/majordomef-sudo/pea-comparator/main/etf-data.js
BGSKSAX04187,,EXPAT SLOVAKIA SAX UCITS ETF,Expat Asset Management,,,,https://raw.githubusercontent.com/majordomef-sudo/pea-comparator/main/etf-data.js
BGSLOBI02187,,EXPAT SLOVENIA SBI TOP UCITS ETF,Expat Asset Management,,,,https://raw.githubusercontent.com/majordomef-sudo/pea-comparator/main/etf-data.js
BGSRBBE05183,,Expat Serbia BELEX15 UCITS ETF,Expat Asset Management,,,,https://raw.githubusercontent.com/majordomef-sudo/pea-comparator/main/etf-data.js
DE0002635299,,"iShares STOXX Europe Select Dividend 30 UCITS ETF (DE) (le « Fonds »), ISIN : DE0002635299, est autorisé en Allemagne et élaboré par",BlackRock (iShares),,,0.31,https://raw.githubusercontent.com/majordomef-sudo/pea-comparator/main/etf-data.js
DE0002635307,,"iShares STOXX Europe 600 UCITS ETF (DE) (the ""Fund""), EUR Dist (the ""Unit Class""), ISIN: DE0002635307, is authorised in Germany and",BlackRock (iShares),,,0.2,https://raw.githubusercontent.com/majordomef-sudo/pea-comparator/main/etf-data.js
DE0005933949,,"iShares STOXX Europe 600 Top 20 UCITS ETF (DE) (the ""Fund""), ISIN: DE0005933949, is authorised in Germany and manufactured by",BlackRock (iShares),,,0.2,https://raw.githubusercontent.com/majordomef-sudo/pea-comparator/main/etf-data.js
DE0005933964,,"iShares SLI UCITS ETF (DE) (the ""Fund""), ISIN: DE0005933964, is authorised in Germany and manufactured by BlackRock Asset",BlackRock (iShares),,,0.51,https://raw.githubusercontent.com/majordomef-sudo/pea-comparator/main/etf-data.js
DE0005933980,,"iShares STOXX Europe Large 200 UCITS ETF (DE) (le « Fonds »), ISIN : DE0005933980, est autorisé en Allemagne et élaboré par BlackRock",BlackRock (iShares),,,0.2,https://raw.githubusercontent.com/majordomef-sudo/pea-comparator/main/etf-data.js
DE0005933998,,"iShares STOXX Europe Mid 200 UCITS ETF (DE) (le « Fonds »), ISIN : DE0005933998, est autorisé en Allemagne et élaboré par BlackRock",BlackRock (iShares),,,0.2,https://raw.githubusercontent.com/majordomef-sudo/pea-comparator/main/etf-data.js
DE000A0D8Q49,,"iShares Dow Jones U.S. Select Dividend UCITS ETF (DE) (le « Fonds »), ISIN : DE000A0D8Q49, est autorisé en Allemagne et élaboré par",BlackRock (iShares),,,0.31,https://raw.githubusercontent.com/majordomef-sudo/pea-comparator/main/etf-data.js
DE000A0D8QZ7,,"iShares STOXX Europe Small 200 UCITS ETF (DE) (le « Fonds »), ISIN : DE000A0D8QZ7, est autorisé en Allemagne et élaboré par BlackRock",BlackRock (iShares),,,0.2,https://raw.githubusercontent.com/majordomef-sudo/pea-comparator/main/etf-data.js
DE000A0F5UJ7,,"iShares STOXX Europe 600 Banks UCITS ETF (DE) (the ""Fund""), ISIN: DE000A0F5UJ7, is authorised in Germany and manufactured by",BlackRock (iShares),,,0.46,https://raw.githubusercontent.com/majordomef-sudo/pea-comparator/main/etf-data.js
DE000A0F5UK5,,"iShares STOXX Europe 600 Basic Resources UCITS ETF (DE) (the ""Fund""), ISIN: DE000A0F5UK5, is authorised in Germany and",BlackRock (iShares),,,0.46,https://raw.githubusercontent.com/majordomef-sudo/pea-comparator/main/etf-data.js
DE000A0H0744,,"iShares Dow Jones Asia Pacific Select Dividend 50 UCITS ETF (DE) (le « Fonds »), ISIN : DE000A0H0744, est autorisé en Allemagne et",BlackRock (iShares),,,0.31,https://raw.githubusercontent.com/majordomef-sudo/pea-comparator/main/etf-data.js
DE000A0H08E0,,"iShares STOXX Europe 600 Chemicals UCITS ETF (DE) (the ""Fund""), ISIN: DE000A0H08E0, is authorised in Germany and manufactured by",BlackRock (iShares),,,0.46,https://raw.githubusercontent.com/majordomef-sudo/pea-comparator/main/etf-data.js
DE000A0H08F7,,"iShares STOXX Europe 600 Construction & Materials UCITS ETF (DE) (the ""Fund""), ISIN: DE000A0H08F7, is authorised in Germany and",BlackRock (iShares),,,0.46,https://raw.githubusercontent.com/majordomef-sudo/pea-comparator/main/etf-data.js
DE000A0H08G5,,"iShares STOXX Europe 600 Financial Services UCITS ETF (DE) (the ""Fund""), ISIN: DE000A0H08G5, is authorised in Germany and",BlackRock (iShares),,,0.46,https://raw.githubusercontent.com/majordomef-sudo/pea-comparator/main/etf-data.js
DE000A0H08H3,,"iShares STOXX Europe 600 Food & Beverage UCITS ETF (DE) (the ""Fund""), ISIN: DE000A0H08H3, is authorised in Germany and",BlackRock (iShares),,,0.46,https://raw.githubusercontent.com/majordomef-sudo/pea-comparator/main/etf-data.js
DE000A0H08J9,,"iShares STOXX Europe 600 Industrial Goods & Services UCITS ETF (DE) (the ""Fund""), ISIN: DE000A0H08J9, is authorised in Germany and",BlackRock (iShares),,,0.46,https://raw.githubusercontent.com/majordomef-sudo/pea-comparator/main/etf-data.js
DE000A0H08K7,,"iShares STOXX Europe 600 Insurance UCITS ETF (DE) (the ""Fund""), ISIN: DE000A0H08K7, is authorised in Germany and manufactured by",BlackRock (iShares),,,0.46,https://raw.githubusercontent.com/majordomef-sudo/pea-comparator/main/etf-data.js
DE000A0H08L5,,"iShares STOXX Europe 600 Media UCITS ETF (DE) (the ""Fund""), ISIN: DE000A0H08L5, is authorised in Germany and manufactured by",BlackRock (iShares),,,0.46,https://raw.githubusercontent.com/majordomef-sudo/pea-comparator/main/etf-data.js
DE000A0H08M3,,"iShares STOXX Europe 600 Oil & Gas UCITS ETF (DE) (the ""Fund""), ISIN: DE000A0H08M3, is authorised in Germany and manufactured by",BlackRock (iShares),,,0.46,https://raw.githubusercontent.com/majordomef-sudo/pea-comparator/main/etf-data.js
DE000A0H08N1,,"iShares STOXX Europe 600 Personal & Household Goods UCITS ETF (DE) (the ""Fund""), ISIN: DE000A0H08N1, is authorised in Germany and",BlackRock (iShares),,,0.46,https://raw.githubusercontent.com/majordomef-sudo/pea-comparator/main/etf-data.js
DE000A0H08P6,,"iShares STOXX Europe 600 Retail UCITS ETF (DE) (the ""Fund""), ISIN: DE000A0H08P6, is authorised in Germany and manufactured by",BlackRock (iShares),,,0.46,https://raw.githubusercontent.com/majordomef-sudo/pea-comparator/main/etf-data.js
DE000A0H08R2,,"iShares STOXX Europe 600 Telecommunications UCITS ETF (DE) (the ""Fund""), ISIN: DE000A0H08R2, is authorised in Germany and",BlackRock (iShares),,,0.46,https://raw.githubusercontent.com/majordomef-sudo/pea-comparator/main/etf-data.js
DE000A0H08S0,,"iShares STOXX Europe 600 Travel & Leisure UCITS ETF (DE) (the ""Fund""), ISIN: DE000A0H08S0, is authorised in Germany and",BlackRock (iShares),,,0.46,https://raw.githubusercontent.com/majordomef-sudo/pea-comparator/main/etf-data.js
DE000A0Q4R02,,"iShares STOXX Europe 600 Utilities UCITS ETF (DE) (the ""Fund""), ISIN: DE000A0Q4R02, is authorised in Germany and manufactured by",BlackRock (iShares),,,0.46,https://raw.githubusercontent.com/majordomef-sudo/pea-comparator/main/etf-data.js
DE000A0Q4R36,,"iShares STOXX Europe 600 Health Care UCITS ETF (DE) (the ""Fund""), ISIN: DE000A0Q4R36, is authorised in Germany and manufactured by",BlackRock (iShares),,,0.46,https://raw.githubusercontent.com/majordomef-sudo/pea-comparator/main/etf-data.js
DE000A0Q4R69,,"iShares DAX® ESG UCITS ETF (DE) (the ""Fund""), ISIN: DE000A0Q4R69, is authorised in Germany and manufactured by BlackRock Asset",BlackRock (iShares),,,0.12,https://raw.githubusercontent.com/majordomef-sudo/pea-comparator/main/etf-data.js
DE000A2QP4B6,,"iShares STOXX Europe 600 UCITS ETF (DE) (the ""Fund""), EUR Accu (the ""Unit Class""), ISIN: DE000A2QP4B6, is authorised in Germany and",BlackRock (iShares),,,0.2,https://raw.githubusercontent.com/majordomef-sudo/pea-comparator/main/etf-data.js
DE000ETF9074,,Amundi MDAX ESG II UCITS ETF - Dist,Amundi,,,,https://raw.githubusercontent.com/majordomef-sudo/pea-comparator/main/etf-data.js
DE000ETF9082,,Amundi TecDAX UCITS ETF - Dist,Amundi,,,,https://raw.githubusercontent.com/majordomef-sudo/pea-comparator/main/etf-data.js
DE000ETF9090,,Amundi DAX 50 ESG II UCITS ETF - Dist,Amundi,,,,https://raw.githubusercontent.com/majordomef-sudo/pea-comparator/main/etf-data.js
DE000ETF9603,,Amundi STOXX Europe 600 ESG II UCITS ETF - Dist,Amundi,,,,https://raw.githubusercontent.com/majordomef-sudo/pea-comparator/main/etf-data.js
FR0000021842,,Amundi BEL 20 UCITS ETF Dist,Amundi,,,0.5,https://raw.githubusercontent.com/majordomef-sudo/pea-comparator/main/etf-data.js
FR0007056841,,Amundi Dow Jones Industrial Average UCITS ETF Dist,Amundi,,,0.5,https://raw.githubusercontent.com/majordomef-sudo/pea-comparator/main/etf-data.js
FR0007075494,,Amundi DJ Global Titans 50 UCITS ETF Dist,Amundi,,,0.4,https://raw.githubusercontent.com/majordomef-sudo/pea-comparator/main/etf-data.js
FR0007080973,,Amundi CAC 40 UCITS ETF (C40),,,,0.25,https://lenouvelinvestisseur.com/etf-pea/
FR0010245514,,AMUNDI Japan TOPIX II UCITS ETF EUR Dist,Amundi,,,0.45,https://raw.githubusercontent.com/majordomef-sudo/pea-comparator/main/etf-data.js
FR0010261198,,Amundi MSCI Europe UCITS ETF Acc,Amundi,,,0.25,https://raw.githubusercontent.com/majordomef-sudo/pea-comparator/main/etf-data.js
FR0010315770,,Amundi MSCI World Swap II UCITS ETF Dist,Amundi,,,0.28,https://raw.githubusercontent.com/majordomef-sudo/pea-comparator/main/etf-data.js
FR0010361683,,Amundi MSCI India Swap UCITS ETF EUR Acc,Amundi,,,0.83,https://raw.githubusercontent.com/majordomef-sudo/pea-comparator/main/etf-data.js
FR0010375766,,Amundi MSCI India Swap UCITS ETF USD Acc,Amundi,,,0.83,https://raw.githubusercontent.com/majordomef-sudo/pea-comparator/main/etf-data.js
FR0010377028,,AMUNDI Japan TOPIX II UCITS ETF JPY Dist,Amundi,,,0.45,https://raw.githubusercontent.com/majordomef-sudo/pea-comparator/main/etf-data.js
FR0010429068,,Amundi MSCI Emerging Markets Swap II UCITS ETF EUR Acc,Amundi,,,0.54,https://raw.githubusercontent.com/majordomef-sudo/pea-comparator/main/etf-data.js
FR0010435297,,Amundi MSCI Emerging Markets Swap II UCITS ETF USD Acc,Amundi,,,0.54,https://raw.githubusercontent.com/majordomef-sudo/pea-comparator/main/etf-data.js
FR0010510800,,Amundi EUR Overnight Return UCITS ETF Acc,Amundi,,,0.1,https://raw.githubusercontent.com/majordomef-sudo/pea-comparator/main/etf-data.js
FR0010524777,,Amundi MSCI New Energy UCITS ETF Dist,Amundi,,,0.6,https://raw.githubusercontent.com/majordomef-sudo/pea-comparator/main/etf-data.js
FR0010527275,,Amundi MSCI Water UCITS ETF Dist,Amundi,,,0.6,https://raw.githubusercontent.com/majordomef-sudo/pea-comparator/main/etf-data.js
FR0010717124,C4S,Amundi ETF Short CAC 40 Daily UCITS ETF - EUR ACC (C4S),,,,,https://bourse.fortuneo.fr/api/trackers/search/?page=1&additionalParams=%7B%22pea%22%3A%20%22true%22%7D
FR0010756114,,Amundi MSCI World Ex EMU UCITS ETF Acc,Amundi,,,0.35,https://raw.githubusercontent.com/majordomef-sudo/pea-comparator/main/etf-data.js
FR0010790980,,Amundi Stoxx Europe 50 UCITS ETF Acc,Amundi,,,0.15,https://raw.githubusercontent.com/majordomef-sudo/pea-comparator/main/etf-data.js
FR0010791194,,AMUNDI ETF SHT USA,Amundi Asset Management,MSCI USA Short Daily,,0.35,https://raw.githubusercontent.com/corentinbouton/ETF-scrapper/main/data/ETFs_20-07-24.xlsx
FR0010821819,,Amundi MSCI Europe ex EMU ESG Selection UCITS ETF Acc,Amundi,,,0.3,https://raw.githubusercontent.com/majordomef-sudo/pea-comparator/main/etf-data.js
FR0010930644,,Amundi Global Hydrogen UCITS ETF Acc,Amundi,,,0.45,https://raw.githubusercontent.com/majordomef-sudo/pea-comparator/main/etf-data.js
FR0011036268,,Amundi IBEX 35 Doble Inverso Diario (-2x) UCITS ETF Acc,Amundi,,,0.6,https://raw.githubusercontent.com/majordomef-sudo/pea-comparator/main/etf-data.js
FR0011041334,,AMUNDI ETF CAC MID,Amundi Asset Management,CAC Mid 60,,0.5,https://raw.githubusercontent.com/corentinbouton/ETF-scrapper/main/data/ETFs_20-07-24.xlsx
FR0011042753,,Amundi IBEX 35 Doble Apalancado Diario (2x) UCITS ETF Acc,Amundi,,,0.4,https://raw.githubusercontent.com/majordomef-sudo/pea-comparator/main/etf-data.js
FR0011475078,,AMUNDI Japan TOPIX II UCITS ETF EUR Hedged Dist,Amundi,,,0.45,https://raw.githubusercontent.com/majordomef-sudo/pea-comparator/main/etf-data.js
FR0011660927,,Amundi MSCI World Swap II UCITS ETF EUR Hedged Dist,Amundi,,,0.28,https://raw.githubusercontent.com/majordomef-sudo/pea-comparator/main/etf-data.js
FR0011669845,,Amundi MSCI World Swap II UCITS ETF USD Hedged Dist,Amundi,,,0.28,https://raw.githubusercontent.com/majordomef-sudo/pea-comparator/main/etf-data.js
FR0011720911,,Amundi MSCI China A UCITS ETF Acc,Amundi,,,0.35,https://raw.githubusercontent.com/majordomef-sudo/pea-comparator/main/etf-data.js
FR0011758085,,Amundi FTSE Italia PMI PIR 2020 UCITS ETF Acc,Amundi,,,0.4,https://raw.githubusercontent.com/majordomef-sudo/pea-comparator/main/etf-data.js
FR0012399772,MSEX,Amundi EURO STOXX 50 II UCITS ETF GBP Hedged Acc,Amundi,EURO STOXX 50 Net Return EUR,physical,0.2,https://www.boursedirect.fr/api/instrument/v3/search?nature=tracker&pea=true
FR0012399806,MSEU,AMUNDI EURO STOXX 50 II UCITS ETF USD Hedged Acc,Amundi,EURO STOXX 50 Net Return EUR,physical,0.2,https://www.boursedirect.fr/api/instrument/v3/search?nature=tracker&pea=true
FR0013209921,,Amundi MSCI World Ex EMU SRI Climate Paris Aligned UCITS ETF Acc,Amundi,,,0.35,https://raw.githubusercontent.com/majordomef-sudo/pea-comparator/main/etf-data.js
FR0014002CG3,,Amundi MSCI New Energy UCITS ETF Acc,Amundi,,,0.6,https://raw.githubusercontent.com/majordomef-sudo/pea-comparator/main/etf-data.js
FR0014002CH1,,Amundi MSCI Water UCITS ETF Acc,Amundi,,,0.6,https://raw.githubusercontent.com/majordomef-sudo/pea-comparator/main/etf-data.js
FR0014003FW1,,"Type: Units of AMUNDI MSCI WORLD CLIMATE PARIS ALIGNED UMWELTZEICHEN UCITS ETF, a UCITS (Undertaking for Collective Investment in",Amundi,,,0.25,https://raw.githubusercontent.com/majordomef-sudo/pea-comparator/main/etf-data.js
FR0014003IY1,,Amundi MSCI World Swap II UCITS ETF Acc,Amundi,,,0.38,https://finref.fr/fiches/liste-etf-pea-eligibles/
FR0014003N93,,Amundi MSCI World Swap II UCITS ETF EUR Hedged Acc,Amundi,,,0.28,https://raw.githubusercontent.com/majordomef-sudo/pea-comparator/main/etf-data.js
IE00000EF730,,"iShares Europe Equity Enhanced Active UCITS ETF (the ""Fund""), EUR Accu (the ""Share Class""), ISIN: IE00000EF730, is authorised in Ireland",BlackRock (iShares),,,0.25,https://raw.githubusercontent.com/majordomef-sudo/pea-comparator/main/etf-data.js
IE00002ZKAP0,,Xtrackers Europe Equity Enhanced Active UCITS ETF,Xtrackers (DWS),,,0.25,https://raw.githubusercontent.com/majordomef-sudo/pea-comparator/main/etf-data.js
IE0000BNORX6,,JPM Europe Equity Premium Income Active UCITS ETF - EUR (acc),JPMorgan,,,0.35,https://raw.githubusercontent.com/majordomef-sudo/pea-comparator/main/etf-data.js
IE0001JH5CB4,,Xtrackers Europe Net Zero Pathway Paris Aligned UCITS ETF,Xtrackers (DWS),,,0.15,https://raw.githubusercontent.com/majordomef-sudo/pea-comparator/main/etf-data.js
IE0002A3VE77,,Janus Henderson Pan European High Conviction Equity UCITS ETF - EUR Acc - IE0002A3VE77,,,,,https://raw.githubusercontent.com/majordomef-sudo/pea-comparator/main/etf-data.js
IE0002Y8CX98,,WisdomTree Europe Defence UCITS ETF - EUR Acc,WisdomTree,,,0.4,https://raw.githubusercontent.com/majordomef-sudo/pea-comparator/main/etf-data.js
IE0002Z12PN9,,"A Share Class of Robeco 3D EM Equity UCITS ETF, a sub-fund of Robeco UCITS ICAV - Irish Collective Asset-management Vehicle",,,,,https://raw.githubusercontent.com/majordomef-sudo/pea-comparator/main/etf-data.js
IE0003UN5CT1,,JPM Europe Research Enhanced Index Equity SRI Paris Aligned Active UCITS ETF - EUR (acc),JPMorgan,,,0.23,https://raw.githubusercontent.com/majordomef-sudo/pea-comparator/main/etf-data.js
IE0005HNE843,,WisdomTree Europe Value UCITS ETF - EUR Acc,WisdomTree,,,0.25,https://raw.githubusercontent.com/majordomef-sudo/pea-comparator/main/etf-data.js
IE00064TWYK9,,JPM Europe Equity Premium Income Active UCITS ETF - EUR (dist),JPMorgan,,,0.35,https://raw.githubusercontent.com/majordomef-sudo/pea-comparator/main/etf-data.js
IE00067X7JX0,,"Name of Product: Invesco EURO STOXX 50 Equal Weight UCITS ETF (the ""Fund""), a sub-fund of Invesco Markets II plc (the ""Company""), Acc (ISIN:",Invesco,,,0.2,https://raw.githubusercontent.com/majordomef-sudo/pea-comparator/main/etf-data.js
IE0006PTRUI8,,"iShares MSCI EMU Climate Transition Aware UCITS ETF (the ""Fund""), EUR Accu (the ""Share Class""), ISIN: IE0006PTRUI8, is authorised in",BlackRock (iShares),,,0.12,https://raw.githubusercontent.com/majordomef-sudo/pea-comparator/main/etf-data.js
IE0007WLHX89,,"A Share Class of Robeco 3D European Equity UCITS ETF, a sub-fund of Robeco UCITS ICAV - Irish Collective Asset-management Vehicle",,,,,https://raw.githubusercontent.com/majordomef-sudo/pea-comparator/main/etf-data.js
IE00082MOBL9,,Global X European SuperDividend® UCITS ETF,,,,,https://raw.githubusercontent.com/majordomef-sudo/pea-comparator/main/etf-data.js
IE0008470928,,"iShares STOXX Europe 50 UCITS ETF (the ""Fund""), EUR Dist (the ""Share Class""), ISIN: IE0008470928, is authorised in Ireland and",BlackRock (iShares),,,0.35,https://raw.githubusercontent.com/majordomef-sudo/pea-comparator/main/etf-data.js
IE0008F9FCT2,,"iShares Core MSCI Europe UCITS ETF (the ""Fund""), Hedged CHF Accu (the ""Share Class""), ISIN: IE0008F9FCT2, is authorised in Ireland and",BlackRock (iShares),,,0.15,https://raw.githubusercontent.com/majordomef-sudo/pea-comparator/main/etf-data.js
IE0008GRJRO8,,"State Street SPDR S&P Europe Defense Vision UCITS ETF (""Fund"")",State Street (SPDR),,,,https://raw.githubusercontent.com/majordomef-sudo/pea-comparator/main/etf-data.js
IE0009F7UB30,,First Trust Europe Growth Strength UCITS ETF,,,,0.6,https://raw.githubusercontent.com/majordomef-sudo/pea-comparator/main/etf-data.js
IE000AGFZM58,,HSBC MSCI EUROPE ISLAMIC SCREENED UCITS ETF,HSBC,,,0.3,https://raw.githubusercontent.com/majordomef-sudo/pea-comparator/main/etf-data.js
IE000CPG9HG3,,FIRST TRUST EUROPE RISING DIVIDEND ACHIEVERS UCITS ETF,,,,0.5,https://raw.githubusercontent.com/majordomef-sudo/pea-comparator/main/etf-data.js
IE000CR424L6,,"iShares MSCI Europe SRI UCITS ETF (the ""Fund""), Hedged EUR Dist (the ""Share Class""), ISIN: IE000CR424L6, is authorised in Ireland and",BlackRock (iShares),,,0.23,https://raw.githubusercontent.com/majordomef-sudo/pea-comparator/main/etf-data.js
IE000DB78H45,,"Name of Product: Invesco EURO STOXX 50 Equal Weight UCITS ETF (the ""Fund""), a sub-fund of Invesco Markets II plc (the ""Company""), Dist (ISIN:",Invesco,,,0.2,https://raw.githubusercontent.com/majordomef-sudo/pea-comparator/main/etf-data.js
IE000DXIJHF2,,JPM Eurozone Research Enhanced Index Equity Active UCITS ETF - CHF Hedged (acc),JPMorgan,,,0.25,https://raw.githubusercontent.com/majordomef-sudo/pea-comparator/main/etf-data.js
IE000E9XXE77,,"iShares MSCI EMU Climate Transition Aware UCITS ETF (the ""Fund""), EUR Dist (the ""Share Class""), ISIN: IE000E9XXE77, is authorised in",BlackRock (iShares),,,0.12,https://raw.githubusercontent.com/majordomef-sudo/pea-comparator/main/etf-data.js
IE000HH3SU50,,"iShares MSCI Europe Paris-Aligned Climate UCITS ETF (the ""Fund""), EUR Dist (the ""Share Class""), ISIN: IE000HH3SU50, is authorised in",BlackRock (iShares),,,0.15,https://raw.githubusercontent.com/majordomef-sudo/pea-comparator/main/etf-data.js
IE000IAXNM41,,"iShares Europe Defence UCITS ETF (the ""Fund""), EUR Accu (the ""Share Class""), ISIN: IE000IAXNM41, is authorised in Ireland and",BlackRock (iShares),,,0.35,https://raw.githubusercontent.com/majordomef-sudo/pea-comparator/main/etf-data.js
IE000IMGE5W5,,Franklin European Quality Dividend UCITS ETF,Franklin Templeton,,,,https://raw.githubusercontent.com/majordomef-sudo/pea-comparator/main/etf-data.js
IE000JEZ2VB3,,"iShares MSCI Europe Quality Dividend Advanced UCITS ETF (the ""Fund""), Hedged GBP Dist (the ""Share Class""), ISIN: IE000JEZ2VB3, is",BlackRock (iShares),,,0.31,https://raw.githubusercontent.com/majordomef-sudo/pea-comparator/main/etf-data.js
IE000LXEN6X4,,"iShares EURO STOXX 50 ESG UCITS ETF (the ""Fund""), EUR Accu (the ""Share Class""), ISIN: IE000LXEN6X4, is authorised in Ireland and",BlackRock (iShares),,,0.1,https://raw.githubusercontent.com/majordomef-sudo/pea-comparator/main/etf-data.js
IE000MAO75G5,,"iShares Core MSCI Europe UCITS ETF (the ""Fund""), EUR Accu (the ""Share Class""), ISIN: IE000MAO75G5, is authorised in Ireland and",BlackRock (iShares),,,0.12,https://raw.githubusercontent.com/majordomef-sudo/pea-comparator/main/etf-data.js
IE000PYEKKW0,,"iShares MSCI Europe Quality Dividend Advanced UCITS ETF (the ""Fund""), EUR Accu (the ""Share Class""), ISIN: IE000PYEKKW0, is authorised",BlackRock (iShares),,,0.28,https://raw.githubusercontent.com/majordomef-sudo/pea-comparator/main/etf-data.js
IE000QOLLXO2,,JPM Europe Research Enhanced Index Equity SRI Paris Aligned Active UCITS ETF - EUR (dist),JPMorgan,,,0.23,https://raw.githubusercontent.com/majordomef-sudo/pea-comparator/main/etf-data.js
IE000SAXJ1M1,,Global X Euro Stoxx 50 Covered Call UCITS ETF,,,,,https://raw.githubusercontent.com/majordomef-sudo/pea-comparator/main/etf-data.js
IE000ST40PX8,,Name of Fund: L&G Cyber Security Innovation UCITS ETF Website: www.lgim.com,,,,0.49,https://raw.githubusercontent.com/majordomef-sudo/pea-comparator/main/etf-data.js
IE000U3XZQN5,,"iShares MSCI Europe Climate Transition Aware UCITS ETF (the ""Fund""), EUR Accu (the ""Share Class""), ISIN: IE000U3XZQN5, is authorised in",BlackRock (iShares),,,0.12,https://raw.githubusercontent.com/majordomef-sudo/pea-comparator/main/etf-data.js
IE000UU89RZ0,GGVT,Goldman Sachs Global Government Bond Active UCITS ETF GBP Hedged (Dist),,,,0.2,https://www.justetf.com/fr/search.html?search=ETFS&pea=true
IE000VKFA2D2,,Xtrackers DJE Europe Equity Research UCITS ETF,Xtrackers (DWS),,,0.5,https://raw.githubusercontent.com/majordomef-sudo/pea-comparator/main/etf-data.js
IE000WRQ9RR1,,Global X Europe Focused Defence Tech UCITS ETF,,,,,https://raw.githubusercontent.com/majordomef-sudo/pea-comparator/main/etf-data.js
IE000XERHYF0,,"A Share Class of Robeco 3D US Equity UCITS ETF, a sub-fund of Robeco UCITS ICAV - Irish Collective Asset-management Vehicle",,,,,https://raw.githubusercontent.com/majordomef-sudo/pea-comparator/main/etf-data.js
IE000YASIPS3,,"BNP PARIBAS EASY II MSCI Europe PAB UCITS ETF, a sub-fund of BNP PARIBAS EASY II ICAV, share class: EUR Acc (IE000YASIPS3)",BNP Paribas,,,,https://raw.githubusercontent.com/majordomef-sudo/pea-comparator/main/etf-data.js
IE000ZQF1PE1,,"iShares MSCI Europe Climate Transition Aware UCITS ETF (the ""Fund""), EUR Dist (the ""Share Class""), ISIN: IE000ZQF1PE1, is authorised in",BlackRock (iShares),,,0.12,https://raw.githubusercontent.com/majordomef-sudo/pea-comparator/main/etf-data.js
IE00B02KXL92,,"iShares EURO STOXX Mid UCITS ETF (the ""Fund""), EUR Dist (the ""Share Class""), ISIN: IE00B02KXL92, is authorised in Ireland and",BlackRock (iShares),,,0.4,https://raw.githubusercontent.com/majordomef-sudo/pea-comparator/main/etf-data.js
IE00B02KXM00,,"iShares EURO STOXX Small UCITS ETF (the ""Fund""), EUR Dist (the ""Share Class""), ISIN: IE00B02KXM00, is authorised in Ireland and",BlackRock (iShares),,,0.4,https://raw.githubusercontent.com/majordomef-sudo/pea-comparator/main/etf-data.js
IE00B0M62V02,IQQG,iShares Euro Total Market Growth Large UCITS ETF,,,,0.4,https://www.justetf.com/fr/search.html?search=ETFS&pea=true
IE00B0M62Y33,IUSJ,iShares AEX UCITS ETF,,,,0.3,https://www.justetf.com/fr/search.html?search=ETFS&pea=true
IE00B0M63284,,"iShares European Property Yield UCITS ETF (the ""Fund""), EUR Dist (the ""Share Class""), ISIN: IE00B0M63284, is authorised in Ireland and",BlackRock (iShares),,,0.4,https://raw.githubusercontent.com/majordomef-sudo/pea-comparator/main/etf-data.js
IE00B14X4N27,,"iShares MSCI Europe ex-UK UCITS ETF (the ""Fund""), EUR Dist (the ""Share Class""), ISIN: IE00B14X4N27, is authorised in Ireland and",BlackRock (iShares),,,0.4,https://raw.githubusercontent.com/majordomef-sudo/pea-comparator/main/etf-data.js
IE00B1XNH568,,"iShares FTSE MIB UCITS ETF EUR (Dist) (the ""Fund""), EUR Dist (the ""Share Class""), ISIN: IE00B1XNH568, is authorised in Ireland and",BlackRock (iShares),,,0.35,https://raw.githubusercontent.com/majordomef-sudo/pea-comparator/main/etf-data.js
IE00B1YZSC51,,"iShares Core MSCI Europe UCITS ETF (the ""Fund""), EUR Dist (the ""Share Class""), ISIN: IE00B1YZSC51, is authorised in Ireland and",BlackRock (iShares),,,0.12,https://raw.githubusercontent.com/majordomef-sudo/pea-comparator/main/etf-data.js
IE00B3VWMM18,,"iShares MSCI EMU Small Cap UCITS ETF (the ""Fund""), EUR Accu (the ""Share Class""), ISIN: IE00B3VWMM18, is authorised in Ireland and",BlackRock (iShares),,,0.58,https://raw.githubusercontent.com/majordomef-sudo/pea-comparator/main/etf-data.js
IE00B4K48X80,,"iShares Core MSCI Europe UCITS ETF EUR (Acc) (the ""Fund""), EUR Accu (the ""Share Class""), ISIN: IE00B4K48X80, is authorised in Ireland",BlackRock (iShares),,,0.12,https://raw.githubusercontent.com/majordomef-sudo/pea-comparator/main/etf-data.js
IE00B4M7GH52,,"iShares MSCI Poland UCITS ETF (the ""Fund""), USD Accu (the ""Share Class""), ISIN: IE00B4M7GH52, is authorised in Ireland and",BlackRock (iShares),,,0.74,https://raw.githubusercontent.com/majordomef-sudo/pea-comparator/main/etf-data.js
IE00B52VJ196,,"iShares MSCI Europe SRI UCITS ETF (the ""Fund""), EUR Accu (the ""Share Class""), ISIN: IE00B52VJ196, is authorised in Ireland and",BlackRock (iShares),,,0.2,https://raw.githubusercontent.com/majordomef-sudo/pea-comparator/main/etf-data.js
IE00B53L4X51,,"iShares FTSE MIB UCITS ETF EUR (Acc) (the ""Fund""), EUR Accu (the ""Share Class""), ISIN: IE00B53L4X51, is authorised in Ireland and",BlackRock (iShares),,,0.33,https://raw.githubusercontent.com/majordomef-sudo/pea-comparator/main/etf-data.js
IE00B5BD5K76,,HSBC MSCI EUROPE UCITS ETF,HSBC,,,0.1,https://raw.githubusercontent.com/majordomef-sudo/pea-comparator/main/etf-data.js
IE00B86MWN23,,"iShares Edge MSCI Europe Minimum Volatility UCITS ETF (the ""Fund""), EUR Accu (the ""Share Class""), ISIN: IE00B86MWN23, is authorised",BlackRock (iShares),,,0.25,https://raw.githubusercontent.com/majordomef-sudo/pea-comparator/main/etf-data.js
IE00BCLWRD08,,"iShares MSCI EMU Mid Cap UCITS ETF (the ""Fund""), EUR Accu (the ""Share Class""), ISIN: IE00BCLWRD08, is authorised in Ireland and",BlackRock (iShares),,,0.49,https://raw.githubusercontent.com/majordomef-sudo/pea-comparator/main/etf-data.js
IE00BCLWRF22,,"iShares MSCI EMU Large Cap UCITS ETF (the ""Fund""), EUR Accu (the ""Share Class""), ISIN: IE00BCLWRF22, is authorised in Ireland and",BlackRock (iShares),,,0.49,https://raw.githubusercontent.com/majordomef-sudo/pea-comparator/main/etf-data.js
IE00BDF16114,,WisdomTree Europe SmallCap Dividend UCITS ETF Acc,WisdomTree,,,0.38,https://raw.githubusercontent.com/majordomef-sudo/pea-comparator/main/etf-data.js
IE00BDGN9Z19,,Xtrackers MSCI EMU Screened UCITS ETF,Xtrackers (DWS),,,0.12,https://raw.githubusercontent.com/majordomef-sudo/pea-comparator/main/etf-data.js
IE00BF2B0L69,,Franklin European Quality Dividend UCITS ETF,UBS,,,,https://raw.githubusercontent.com/majordomef-sudo/pea-comparator/main/etf-data.js
IE00BF450720,,"iShares STOXX World Equity Multifactor UCITS ETF (the ""Fund""), Hedged CHF Accu (the ""Share Class""), ISIN: IE00BF450720, is authorised",BlackRock (iShares),,,0.33,https://raw.githubusercontent.com/majordomef-sudo/pea-comparator/main/etf-data.js
IE00BF4G7183,,JPM Europe Research Enhanced Index Equity Active UCITS ETF - EUR (acc),JPMorgan,,,0.24,https://raw.githubusercontent.com/majordomef-sudo/pea-comparator/main/etf-data.js
IE00BFD26097,,First Trust IPOX® Europe Equity Opportunities UCITS ETF,,,,0.65,https://raw.githubusercontent.com/majordomef-sudo/pea-comparator/main/etf-data.js
IE00BFMNHK08,,Xtrackers MSCI Europe ESG UCITS ETF,Xtrackers (DWS),,,0.2,https://raw.githubusercontent.com/majordomef-sudo/pea-comparator/main/etf-data.js
IE00BFNM3D14,,"iShares MSCI Europe Screened UCITS ETF (the ""Fund""), EUR Accu (the ""Share Class""), ISIN: IE00BFNM3D14, is authorised in Ireland and",BlackRock (iShares),,,0.12,https://raw.githubusercontent.com/majordomef-sudo/pea-comparator/main/etf-data.js
IE00BFNM3F38,,"iShares MSCI Europe Screened UCITS ETF (the ""Fund""), EUR Dist (the ""Share Class""), ISIN: IE00BFNM3F38, is authorised in Ireland and",BlackRock (iShares),,,0.12,https://raw.githubusercontent.com/majordomef-sudo/pea-comparator/main/etf-data.js
IE00BFWFPX50,,State Street SPDR S&P U.S. Communication Services Select Sector UCITS ETF,State Street (SPDR),,,,https://raw.githubusercontent.com/majordomef-sudo/pea-comparator/main/etf-data.js
IE00BFXR5V83,,Name of Fund: L&G Europe ex UK Equity UCITS ETF Website: www.lgim.com,,,,0.1,https://raw.githubusercontent.com/majordomef-sudo/pea-comparator/main/etf-data.js
IE00BG13YG34,,"iShares Edge MSCI Europe Quality Factor UCITS ETF (the ""Fund""), EUR Dist (the ""Share Class""), ISIN: IE00BG13YG34, is authorised in",BlackRock (iShares),,,0.25,https://raw.githubusercontent.com/majordomef-sudo/pea-comparator/main/etf-data.js
IE00BG13YH41,,"iShares Edge MSCI Europe Value Factor UCITS ETF (the ""Fund""), EUR Dist (the ""Share Class""), ISIN: IE00BG13YH41, is authorised in Ireland",BlackRock (iShares),,,0.25,https://raw.githubusercontent.com/majordomef-sudo/pea-comparator/main/etf-data.js
IE00BG13YJ64,,"iShares Edge MSCI Europe Momentum Factor UCITS ETF (the ""Fund""), EUR Dist (the ""Share Class""), ISIN: IE00BG13YJ64, is authorised in",BlackRock (iShares),,,0.25,https://raw.githubusercontent.com/majordomef-sudo/pea-comparator/main/etf-data.js
IE00BG13YK79,,"iShares Edge MSCI Europe Minimum Volatility UCITS ETF (the ""Fund""), EUR Dist (the ""Share Class""), ISIN: IE00BG13YK79, is authorised in",BlackRock (iShares),,,0.25,https://raw.githubusercontent.com/majordomef-sudo/pea-comparator/main/etf-data.js
IE00BG13YL86,,"iShares STOXX Europe Equity Multifactor UCITS ETF (the ""Fund""), EUR Dist (the ""Share Class""), ISIN: IE00BG13YL86, is authorised in",BlackRock (iShares),,,0.25,https://raw.githubusercontent.com/majordomef-sudo/pea-comparator/main/etf-data.js
IE00BG13YZ23,,"iShares STOXX USA Equity Multifactor UCITS ETF (the ""Fund""), USD Dist (the ""Share Class""), ISIN: IE00BG13YZ23, is authorised in Ireland",BlackRock (iShares),,,0.2,https://raw.githubusercontent.com/majordomef-sudo/pea-comparator/main/etf-data.js
IE00BGDPWW94,,"iShares MSCI Europe SRI UCITS ETF (the ""Fund""), EUR Dist (the ""Share Class""), ISIN: IE00BGDPWW94, is authorised in Ireland and",BlackRock (iShares),,,0.2,https://raw.githubusercontent.com/majordomef-sudo/pea-comparator/main/etf-data.js
IE00BGDQ0L74,,"iShares European Property Yield UCITS ETF (the ""Fund""), EUR Accu (the ""Share Class""), ISIN: IE00BGDQ0L74, is authorised in Ireland and",BlackRock (iShares),,,0.4,https://raw.githubusercontent.com/majordomef-sudo/pea-comparator/main/etf-data.js
IE00BGV5VM45,,Xtrackers S&P Europe ex UK UCITS ETF,Xtrackers (DWS),,,0.09,https://raw.githubusercontent.com/majordomef-sudo/pea-comparator/main/etf-data.js
IE00BHZPJ676,,"iShares MSCI Europe CTB Enhanced ESG UCITS ETF (the ""Fund""), EUR Dist (the ""Share Class""), ISIN: IE00BHZPJ676, is authorised in Ireland",BlackRock (iShares),,,0.12,https://raw.githubusercontent.com/majordomef-sudo/pea-comparator/main/etf-data.js
IE00BHZPJ783,,"iShares MSCI Europe CTB Enhanced ESG UCITS ETF (the ""Fund""), EUR Accu (the ""Share Class""), ISIN: IE00BHZPJ783, is authorised in",BlackRock (iShares),,,0.12,https://raw.githubusercontent.com/majordomef-sudo/pea-comparator/main/etf-data.js
IE00BK5H8015,,"State Street SPDR STOXX Europe 600 SRI UCITS ETF (""Fund"")",State Street (SPDR),,,,https://raw.githubusercontent.com/majordomef-sudo/pea-comparator/main/etf-data.js
IE00BKLTRN76,,Name of Fund: L&G MSCI Europe Climate Pathway UCITS ETF Website: www.lgim.com,UBS,,,0.11,https://raw.githubusercontent.com/majordomef-sudo/pea-comparator/main/etf-data.js
IE00BKSBGT50,,FIDELITY EUROPE EQUITY RESEARCH ENHANCED UCITS ETF ACC (IE00BKSBGT50),FIL (Fidelity),,,0.3,https://raw.githubusercontent.com/majordomef-sudo/pea-comparator/main/etf-data.js
IE00BKVL7D31,,"iShares Edge MSCI Europe Minimum Volatility Advanced UCITS ETF (the ""Fund""), EUR Accu (the ""Share Class""), ISIN: IE00BKVL7D31, is",BlackRock (iShares),,,0.25,https://raw.githubusercontent.com/majordomef-sudo/pea-comparator/main/etf-data.js
IE00BKWQ0C77,,"State Street SPDR MSCI Europe Consumer Discretionary UCITS ETF (""Fund"")",State Street (SPDR),,,,https://raw.githubusercontent.com/majordomef-sudo/pea-comparator/main/etf-data.js
IE00BKWQ0D84,,"State Street SPDR MSCI Europe Consumer Staples UCITS ETF (""Fund"")",State Street (SPDR),,,,https://raw.githubusercontent.com/majordomef-sudo/pea-comparator/main/etf-data.js
IE00BKWQ0F09,,"State Street SPDR MSCI Europe Energy UCITS ETF (""Fund"")",State Street (SPDR),,,,https://raw.githubusercontent.com/majordomef-sudo/pea-comparator/main/etf-data.js
IE00BKWQ0G16,,"State Street SPDR MSCI Europe Financials UCITS ETF (""Fund"")",State Street (SPDR),,,,https://raw.githubusercontent.com/majordomef-sudo/pea-comparator/main/etf-data.js
IE00BKWQ0H23,,"State Street SPDR MSCI Europe Health Care UCITS ETF (""Fund"")",State Street (SPDR),,,,https://raw.githubusercontent.com/majordomef-sudo/pea-comparator/main/etf-data.js
IE00BKWQ0J47,,"State Street SPDR MSCI Europe Industrials UCITS ETF (""Fund"")",State Street (SPDR),,,,https://raw.githubusercontent.com/majordomef-sudo/pea-comparator/main/etf-data.js
IE00BKWQ0K51,,"State Street SPDR MSCI Europe Technology UCITS ETF (""Fund"")",State Street (SPDR),,,,https://raw.githubusercontent.com/majordomef-sudo/pea-comparator/main/etf-data.js
IE00BKWQ0L68,,"State Street SPDR MSCI Europe Materials UCITS ETF (""Fund"")",State Street (SPDR),,,,https://raw.githubusercontent.com/majordomef-sudo/pea-comparator/main/etf-data.js
IE00BKWQ0M75,,"State Street SPDR MSCI Europe Small Cap UCITS ETF (""Fund"")",State Street (SPDR),,,,https://raw.githubusercontent.com/majordomef-sudo/pea-comparator/main/etf-data.js
IE00BKWQ0N82,,"State Street SPDR MSCI Europe Communication Services UCITS ETF (""Fund"")",State Street (SPDR),,,,https://raw.githubusercontent.com/majordomef-sudo/pea-comparator/main/etf-data.js
IE00BKWQ0P07,,"State Street SPDR MSCI Europe Utilities UCITS ETF (""Fund"")",State Street (SPDR),,,,https://raw.githubusercontent.com/majordomef-sudo/pea-comparator/main/etf-data.js
IE00BKWQ0Q14,,"State Street SPDR MSCI Europe UCITS ETF (""Fund"")",State Street (SPDR),,,,https://raw.githubusercontent.com/majordomef-sudo/pea-comparator/main/etf-data.js
IE00BKY55W78,,HSBC EUROPE SCREENED EQUITY UCITS ETF,HSBC,,,0.15,https://raw.githubusercontent.com/majordomef-sudo/pea-comparator/main/etf-data.js
IE00BKY58625,,HSBC EUROPE EX UK SCREENED EQUITY UCITS ETF,HSBC,,,0.15,https://raw.githubusercontent.com/majordomef-sudo/pea-comparator/main/etf-data.js
IE00BL6K8C82,,"iShares MSCI Europe Paris-Aligned Climate UCITS ETF (the ""Fund""), EUR Accu (the ""Share Class""), ISIN: IE00BL6K8C82, is authorised in",BlackRock (iShares),,,0.15,https://raw.githubusercontent.com/majordomef-sudo/pea-comparator/main/etf-data.js
IE00BMDBMG37,,"iShares MSCI Europe SRI UCITS ETF (the ""Fund""), USD Accu (the ""Share Class""), ISIN: IE00BMDBMG37, is authorised in Ireland and",BlackRock (iShares),,,0.2,https://raw.githubusercontent.com/majordomef-sudo/pea-comparator/main/etf-data.js
IE00BMDPBY65,,Franklin STOXX Europe 600 Paris Aligned Climate UCITS ETF,Franklin Templeton,,,,https://raw.githubusercontent.com/majordomef-sudo/pea-comparator/main/etf-data.js
IE00BMTX2B82,AYE7,iShares AEX UCITS ETF EUR (Acc),,,,0.3,https://www.justetf.com/fr/search.html?search=ETFS&pea=true
IE00BMW42074,,"iShares MSCI Europe Consumer Staples Sector UCITS ETF (le « Fonds ») EUR Accu (la « Catégorie d’actions »), ISIN : IE00BMW42074, est",BlackRock (iShares),,,0.18,https://raw.githubusercontent.com/majordomef-sudo/pea-comparator/main/etf-data.js
IE00BMW42181,,"iShares MSCI Europe Health Care Sector UCITS ETF (le « Fonds ») EUR Accu (la « Catégorie d’actions »), ISIN : IE00BMW42181, est",BlackRock (iShares),,,0.18,https://raw.githubusercontent.com/majordomef-sudo/pea-comparator/main/etf-data.js
IE00BMW42298,,"iShares MSCI Europe Consumer Discretionary Sector UCITS ETF (le « Fonds ») EUR Accu (la « Catégorie d’actions »), ISIN : IE00BMW42298",BlackRock (iShares),,,0.18,https://raw.githubusercontent.com/majordomef-sudo/pea-comparator/main/etf-data.js
IE00BMW42306,,"iShares MSCI Europe Financials Sector UCITS ETF (le « Fonds ») EUR Accu (la « Catégorie d’actions »), ISIN : IE00BMW42306, est autorisé",BlackRock (iShares),,,0.18,https://raw.githubusercontent.com/majordomef-sudo/pea-comparator/main/etf-data.js
IE00BMW42520,,"iShares MSCI Europe Industrials Sector UCITS ETF (le « Fonds ») EUR Accu (la « Catégorie d’actions »), ISIN : IE00BMW42520, est autorisé",BlackRock (iShares),,,0.18,https://raw.githubusercontent.com/majordomef-sudo/pea-comparator/main/etf-data.js
IE00BMW42637,,"iShares MSCI Europe Energy Sector UCITS ETF (le « Fonds ») EUR Accu (la « Catégorie d’actions »), ISIN : IE00BMW42637, est autorisé en",BlackRock (iShares),,,0.18,https://raw.githubusercontent.com/majordomef-sudo/pea-comparator/main/etf-data.js
IE00BMYDM919,,Name of Fund: L&G Europe ex-UK Quality Dividends Equal Weight UCITS ETF Website: www.lgim.com,,,,0.25,https://raw.githubusercontent.com/majordomef-sudo/pea-comparator/main/etf-data.js
IE00BN4PXC48,,UBS (Irl) ETF Plc is an umbrella investment company with variable capital and segregated liability between sub-funds incorporated in Ireland,UBS,,,0.19,https://raw.githubusercontent.com/majordomef-sudo/pea-comparator/main/etf-data.js
IE00BN4Q1675,AW12,UBS MSCI EM Climate Paris Aligned UCITS ETF USD acc,UBS,MSCI Emerging Markets Climate Paris Aligned,,0.16,https://scanetf.com/screener (supabase etf_listing.is_pea_eligible=true)
IE00BNKF6C99,,Xtrackers Stoxx European Market Leaders UCITS ETF,Xtrackers (DWS),,,0.25,https://raw.githubusercontent.com/majordomef-sudo/pea-comparator/main/etf-data.js
IE00BP2C0316,,HSBC MSCI EUROPE CLIMATE PARIS ALIGNED UCITS ETF,HSBC,,,0.15,https://raw.githubusercontent.com/majordomef-sudo/pea-comparator/main/etf-data.js
IE00BQN1K562,,"iShares Edge MSCI Europe Quality Factor UCITS ETF (the ""Fund""), EUR Accu (the ""Share Class""), ISIN: IE00BQN1K562, is authorised in",BlackRock (iShares),,,0.25,https://raw.githubusercontent.com/majordomef-sudo/pea-comparator/main/etf-data.js
IE00BQN1K786,,"iShares Edge MSCI Europe Momentum Factor UCITS ETF (the ""Fund""), EUR Accu (the ""Share Class""), ISIN: IE00BQN1K786, is authorised in",BlackRock (iShares),,,0.25,https://raw.githubusercontent.com/majordomef-sudo/pea-comparator/main/etf-data.js
IE00BQN1K901,,"iShares Edge MSCI Europe Value Factor UCITS ETF (the ""Fund""), EUR Accu (the ""Share Class""), ISIN: IE00BQN1K901, is authorised in",BlackRock (iShares),,,0.25,https://raw.githubusercontent.com/majordomef-sudo/pea-comparator/main/etf-data.js
IE00BQN1KC32,,"iShares MSCI Europe Mid-Cap Equal Weight UCITS ETF (the ""Fund""), EUR Accu (the ""Share Class""), ISIN: IE00BQN1KC32, is authorised in",BlackRock (iShares),,,0.25,https://raw.githubusercontent.com/majordomef-sudo/pea-comparator/main/etf-data.js
IE00BQZJC527,,WisdomTree Europe SmallCap Dividend UCITS ETF,WisdomTree,,,0.38,https://raw.githubusercontent.com/majordomef-sudo/pea-comparator/main/etf-data.js
IE00BSPLC298,,State Street SPDR MSCI Europe Small Cap Value Weighted UCITS ETF (« Fonds »),State Street (SPDR),,,0.3,https://raw.githubusercontent.com/majordomef-sudo/pea-comparator/main/etf-data.js
IE00BSPLC306,,"State Street SPDR MSCI Europe Value UCITS ETF (""Fund"")",State Street (SPDR),,,,https://raw.githubusercontent.com/majordomef-sudo/pea-comparator/main/etf-data.js
IE00BVDPJP67,,"iShares MSCI Europe ex-UK GBP Hedged UCITS ETF (Dist) (the ""Fund""), GBP Dist (the ""Share Class""), ISIN: IE00BVDPJP67, is authorised in",BlackRock (iShares),,,0.4,https://raw.githubusercontent.com/majordomef-sudo/pea-comparator/main/etf-data.js
IE00BVXBH163,,WisdomTree Europe Equity UCITS ETF - USD Hedged,WisdomTree,,,0.58,https://raw.githubusercontent.com/majordomef-sudo/pea-comparator/main/etf-data.js
IE00BWK1SP74,,"iShares MSCI EMU CHF Hedged UCITS ETF (Acc) (the ""Fund""), CHF Accu (the ""Share Class""), ISIN: IE00BWK1SP74, is authorised in Ireland",BlackRock (iShares),,,0.38,https://raw.githubusercontent.com/majordomef-sudo/pea-comparator/main/etf-data.js
IE00BWZN1T31,,"iShares MSCI EMU USD Hedged UCITS ETF (Acc) (the ""Fund""), USD Accu (the ""Share Class""), ISIN: IE00BWZN1T31, is authorised in Ireland",BlackRock (iShares),,,0.38,https://raw.githubusercontent.com/majordomef-sudo/pea-comparator/main/etf-data.js
IE00BYQCZP72,,WisdomTree Europe Equity UCITS ETF - USD Hedged Acc,WisdomTree,,,0.58,https://raw.githubusercontent.com/majordomef-sudo/pea-comparator/main/etf-data.js
IE00BYQCZQ89,,WisdomTree Europe Equity UCITS ETF - GBP Hedged,WisdomTree,,,0.35,https://raw.githubusercontent.com/majordomef-sudo/pea-comparator/main/etf-data.js
IE00BYQCZT11,,WisdomTree Europe Equity UCITS ETF - CHF Hedged Acc,WisdomTree,,,0.35,https://raw.githubusercontent.com/majordomef-sudo/pea-comparator/main/etf-data.js
IE00BYQCZX56,,WisdomTree Europe Equity UCITS ETF - EUR Acc,WisdomTree,,,0.32,https://raw.githubusercontent.com/majordomef-sudo/pea-comparator/main/etf-data.js
IE00BYSX4176,,FIDELITY EUROPE QUALITY INCOME UCITS ETF INC (IE00BYSX4176),FIL (Fidelity),,,0.3,https://raw.githubusercontent.com/majordomef-sudo/pea-comparator/main/etf-data.js
IE00BYSX4283,,FIDELITY EUROPE QUALITY INCOME UCITS ETF ACC (IE00BYSX4283),FIL (Fidelity),,,0.3,https://raw.githubusercontent.com/majordomef-sudo/pea-comparator/main/etf-data.js
IE00BYSX4408,,FIDELITY EUROPE QUALITY INCOME UCITS ETF GBP HEDGED ACC (IE00BYSX4408),,,,0.4,https://raw.githubusercontent.com/majordomef-sudo/pea-comparator/main/etf-data.js
IE00BYTH5487,,SPDR MSCI Europe Climate Paris Aligned UCITS ETF (« Fonds »),State Street (SPDR),,,0.15,https://raw.githubusercontent.com/majordomef-sudo/pea-comparator/main/etf-data.js
IE00BYXPXK00,,"iShares STOXX World Equity Multifactor UCITS ETF (the ""Fund""), Hedged EUR Accu (the ""Share Class""), ISIN: IE00BYXPXK00, is authorised",BlackRock (iShares),,,0.33,https://raw.githubusercontent.com/majordomef-sudo/pea-comparator/main/etf-data.js
IE00BYYHSM20,,"iShares MSCI Europe Quality Dividend Advanced UCITS ETF (the ""Fund""), EUR Dist (the ""Share Class""), ISIN: IE00BYYHSM20, is authorised",BlackRock (iShares),,,0.28,https://raw.githubusercontent.com/majordomef-sudo/pea-comparator/main/etf-data.js
IE00BZ0PKS76,,"iShares STOXX USA Equity Multifactor UCITS ETF (the ""Fund""), USD Accu (the ""Share Class""), ISIN: IE00BZ0PKS76, is authorised in Ireland",BlackRock (iShares),,,0.2,https://raw.githubusercontent.com/majordomef-sudo/pea-comparator/main/etf-data.js
IE00BZ0PKT83,,"iShares STOXX World Equity Multifactor UCITS ETF (the ""Fund""), USD Accu (the ""Share Class""), ISIN: IE00BZ0PKT83, is authorised in",BlackRock (iShares),,,0.3,https://raw.githubusercontent.com/majordomef-sudo/pea-comparator/main/etf-data.js
IE00BZ0PKV06,,"iShares STOXX Europe Equity Multifactor UCITS ETF (the ""Fund""), EUR Accu (the ""Share Class""), ISIN: IE00BZ0PKV06, is authorised in",BlackRock (iShares),,,0.25,https://raw.githubusercontent.com/majordomef-sudo/pea-comparator/main/etf-data.js
LU0274209237,,Xtrackers MSCI Europe UCITS ETF,Xtrackers (DWS),,,0.12,https://raw.githubusercontent.com/majordomef-sudo/pea-comparator/main/etf-data.js
LU0274212538,,Xtrackers FTSE MIB UCITS ETF,Xtrackers (DWS),,,0.3,https://raw.githubusercontent.com/majordomef-sudo/pea-comparator/main/etf-data.js
LU0292106241,,Xtrackers ShortDAX Daily Swap UCITS ETF,Xtrackers (DWS),,,0.4,https://raw.githubusercontent.com/majordomef-sudo/pea-comparator/main/etf-data.js
LU0292106753,,Xtrackers Euro Stoxx 50 Short Daily Swap UCITS ETF,Xtrackers (DWS),,,0.4,https://raw.githubusercontent.com/majordomef-sudo/pea-comparator/main/etf-data.js
LU0322250712,,Xtrackers LPX Private Equity Swap UCITS ETF,Xtrackers (DWS),,,0.7,https://raw.githubusercontent.com/majordomef-sudo/pea-comparator/main/etf-data.js
LU0322253906,,Xtrackers MSCI Europe Small Cap UCITS ETF,Xtrackers (DWS),,,0.3,https://raw.githubusercontent.com/majordomef-sudo/pea-comparator/main/etf-data.js
LU0328475792,,Xtrackers Stoxx Europe 600 UCITS ETF,Xtrackers (DWS),,,0.2,https://raw.githubusercontent.com/majordomef-sudo/pea-comparator/main/etf-data.js
LU0411075376,,Xtrackers LevDAX Daily Swap UCITS ETF,Xtrackers (DWS),,,0.35,https://raw.githubusercontent.com/majordomef-sudo/pea-comparator/main/etf-data.js
LU0950668367,FGZI,UBS Core EURO STOXX 50 UCITS ETF EUR acc,,,,0.06,https://www.justetf.com/fr/search.html?search=ETFS&pea=true
LU0959210278,,Amundi S&P Eurozone Dividend Aristocrat Screened UCITS ETF Dist,Amundi,,,0.3,https://raw.githubusercontent.com/majordomef-sudo/pea-comparator/main/etf-data.js
LU0959210781,,Amundi S&P Eurozone Dividend Aristocrat Screened UCITS ETF Acc,Amundi,,,0.3,https://raw.githubusercontent.com/majordomef-sudo/pea-comparator/main/etf-data.js
LU1127516455,XD5S,Xtrackers MSCI EMU UCITS ETF 2C - GBP Hedged,,,,0.12,https://www.justetf.com/fr/search.html?search=ETFS&pea=true
LU1184092051,,Xtrackers MSCI Europe UCITS ETF,Xtrackers (DWS),,,0.3,https://raw.githubusercontent.com/majordomef-sudo/pea-comparator/main/etf-data.js
LU1291099718,,"MSCI Europe Min TE, a sub-fund of BNP PARIBAS EASY, share class: UCITS ETF Capitalisation (LU1291099718)",BNP Paribas,,,,https://raw.githubusercontent.com/majordomef-sudo/pea-comparator/main/etf-data.js
LU1291101555,,"MSCI Europe Small Caps SRI PAB, a sub-fund of BNP PARIBAS EASY, share class: UCITS ETF Capitalisation (LU1291101555)",BNP Paribas,,,,https://raw.githubusercontent.com/majordomef-sudo/pea-comparator/main/etf-data.js
LU1377382012,,BNPP Moment EU ESG,BNP Paribas Asset Management Luxembourg,BNPP MOMENTUM EUROPE ESG NTR,,0.18,https://raw.githubusercontent.com/corentinbouton/ETF-scrapper/main/data/ETFs_20-07-24.xlsx
LU1377382368,,"Low Carbon 100 Europe PAB, a sub-fund of BNP PARIBAS EASY, share class: UCITS ETF Capitalisation (LU1377382368)",BNP Paribas,,,,https://raw.githubusercontent.com/majordomef-sudo/pea-comparator/main/etf-data.js
LU1377382442,,"Low Carbon 100 Europe PAB, a sub-fund of BNP PARIBAS EASY, share class: UCITS ETF Distribution (LU1377382442)",BNP Paribas,,,,https://raw.githubusercontent.com/majordomef-sudo/pea-comparator/main/etf-data.js
LU1437015735,,Amundi Core MSCI Europe UCITS ETF,Amundi,,,0.12,https://raw.githubusercontent.com/majordomef-sudo/pea-comparator/main/etf-data.js
LU1574142243,,Amundi Core STOXX Europe 600 UCITS ETF EUR Hedged Dist,Amundi,,,0.15,https://raw.githubusercontent.com/majordomef-sudo/pea-comparator/main/etf-data.js
LU1598688189,,Amundi MSCI Europe Growth UCITS ETF Dist,Amundi Luxembourg S.A.,MSCI EMU Growth Net Return EUR,,0.35,https://raw.githubusercontent.com/corentinbouton/ETF-scrapper/main/data/ETFs_20-07-24.xlsx
LU1681040223,,Amundi STOXX Europe 600 ESG UCITS ETF Acc,Amundi,,,0.18,https://raw.githubusercontent.com/majordomef-sudo/pea-comparator/main/etf-data.js
LU1681041460,,Amundi MSCI Europe Momentum Factor UCITS ETF EUR Acc,Amundi,,,0.23,https://raw.githubusercontent.com/majordomef-sudo/pea-comparator/main/etf-data.js
LU1681041627,,AMUNDI MSCI EUROPE MINIMUM VOLATILITY FACTOR UCITS ETF - EUR,Amundi,,,0.23,https://raw.githubusercontent.com/majordomef-sudo/pea-comparator/main/etf-data.js
LU1681041890,,AMUNDI MSCI EUROPE QUALITY FACTOR UCITS ETF - EUR,Amundi,,,0.23,https://raw.githubusercontent.com/majordomef-sudo/pea-comparator/main/etf-data.js
LU1681041973,,Amundi MSCI Europe High Dividend Factor UCITS ETF EUR Acc,Amundi,,,0.23,https://raw.githubusercontent.com/majordomef-sudo/pea-comparator/main/etf-data.js
LU1681042435,,AMUNDI MSCI EUROPE GROWTH UCITS ETF Acc,Amundi,,,0.35,https://raw.githubusercontent.com/majordomef-sudo/pea-comparator/main/etf-data.js
LU1681042518,,AMUNDI MSCI EUROPE VALUE FACTOR UCITS ETF - EUR,Amundi,,,0.23,https://raw.githubusercontent.com/majordomef-sudo/pea-comparator/main/etf-data.js
LU1681044308,,Amundi MSCI Europe ex Switzerland ESG Broad Transition UCITS ETF Acc,Amundi,,,0.13,https://raw.githubusercontent.com/majordomef-sudo/pea-comparator/main/etf-data.js
LU1681044563,,Amundi MSCI Emerging Asia,,,,0.2,https://finref.fr/fiches/liste-etf-pea-eligibles/
LU1681046188,,Amundi PEA MSCI Europe Healthcare,,,,0.25,https://finref.fr/fiches/liste-etf-pea-eligibles/
LU1681046691,,Amundi PEA MSCI Europe IT,,,,0.25,https://finref.fr/fiches/liste-etf-pea-eligibles/
LU1737652310,,Amundi Core MSCI Europe UCITS ETF,Amundi,,,0.12,https://raw.githubusercontent.com/majordomef-sudo/pea-comparator/main/etf-data.js
LU1753045332,,"MSCI Europe SRI PAB, a sub-fund of BNP PARIBAS EASY, share class: UCITS ETF Capitalisation (LU1753045332)",BNP Paribas,,,,https://raw.githubusercontent.com/majordomef-sudo/pea-comparator/main/etf-data.js
LU1753045415,,"MSCI Europe SRI PAB, a sub-fund of BNP PARIBAS EASY, share class: UCITS ETF Distribution (LU1753045415)",BNP Paribas,,,,https://raw.githubusercontent.com/majordomef-sudo/pea-comparator/main/etf-data.js
LU1772333404,,Xtrackers Stoxx Europe 600 UCITS ETF,Xtrackers (DWS),,,0.25,https://raw.githubusercontent.com/majordomef-sudo/pea-comparator/main/etf-data.js
LU1834984798,,LYXOR STX 600 FIN,Amundi Asset Management,STX EU 600 Fin Services NR EUR,,0.3,https://raw.githubusercontent.com/corentinbouton/ETF-scrapper/main/data/ETFs_20-07-24.xlsx
LU1834988195,,LYXOR STOXX EUROPE 600 MEDIA UCITS ETF - ACC,Amundi Asset Management,STOXX Eu 600 Media Net Ret EUR,,0.3,https://raw.githubusercontent.com/corentinbouton/ETF-scrapper/main/data/ETFs_20-07-24.xlsx
LU1834988278,,Amundi STOXX Europe 600 Energy Screened UCITS ETF Acc,Amundi,,,0.3,https://raw.githubusercontent.com/majordomef-sudo/pea-comparator/main/etf-data.js
LU1834988435,,LYXOR STOXX EUROPE 600 RETAIL UCITS ETF - ACC,Amundi Asset Management,STX EU 600 Retail NR EUR,,0.3,https://raw.githubusercontent.com/corentinbouton/ETF-scrapper/main/data/ETFs_20-07-24.xlsx
LU1861137484,,Amundi MSCI Europe SRI Climate Paris Aligned UCITS ETF,Amundi,,,0.18,https://raw.githubusercontent.com/majordomef-sudo/pea-comparator/main/etf-data.js
LU1931974262,,Amundi Prime Europe UCITS ETF,Amundi,,,0.05,https://raw.githubusercontent.com/majordomef-sudo/pea-comparator/main/etf-data.js
LU1940199711,,Amundi MSCI Europe ESG Selection UCITS ETF Acc,Amundi,,,0.2,https://raw.githubusercontent.com/majordomef-sudo/pea-comparator/main/etf-data.js
LU1940199984,,Amundi MSCI Europe ESG Selection UCITS ETF EUR Hedged Acc,Amundi,,,0.25,https://raw.githubusercontent.com/majordomef-sudo/pea-comparator/main/etf-data.js
LU2059756598,,Amundi MSCI Europe SRI Climate Paris Aligned UCITS ETF,Amundi,,,0.18,https://raw.githubusercontent.com/majordomef-sudo/pea-comparator/main/etf-data.js
LU2082998167,,Amundi STOXX Europe 600 Energy Screened UCITS ETF Dist,Amundi,,,0.3,https://raw.githubusercontent.com/majordomef-sudo/pea-comparator/main/etf-data.js
LU2089238039,,Amundi Prime Europe UCITS ETF,Amundi,,,0.05,https://raw.githubusercontent.com/majordomef-sudo/pea-comparator/main/etf-data.js
LU2130768844,,Amundi MSCI Europe Climate Paris Aligned UCITS ETF Acc,Amundi,,,0.15,https://raw.githubusercontent.com/majordomef-sudo/pea-comparator/main/etf-data.js
LU2572257470,,Amundi MSCI Europe Small Cap ESG Broad Transition UCITS ETF Dist,Amundi,,,0.23,https://raw.githubusercontent.com/majordomef-sudo/pea-comparator/main/etf-data.js
LU2581375156,,Xtrackers Stoxx Europe 600 UCITS ETF,Xtrackers (DWS),,,0.07,https://raw.githubusercontent.com/majordomef-sudo/pea-comparator/main/etf-data.js
LU2608817958,,Amundi MSCI Europe Action UCITS ETF Dist,Amundi,,,0.09,https://raw.githubusercontent.com/majordomef-sudo/pea-comparator/main/etf-data.js
LU2611731741,,AMUNDI DIVDAX UCITS ETF DIST,Amundi,,,0.25,https://raw.githubusercontent.com/majordomef-sudo/pea-comparator/main/etf-data.js
LU2611732046,,Amundi Core DAX UCITS ETF Dist,Amundi,,,0.08,https://raw.githubusercontent.com/majordomef-sudo/pea-comparator/main/etf-data.js
LU2611732475,,Amundi SDAX UCITS ETF Dist,Amundi,,,0.7,https://raw.githubusercontent.com/majordomef-sudo/pea-comparator/main/etf-data.js
LU2611732558,,Amundi Euro STOXX Select Dividend30 UCITS ETF Dist,Amundi,,,0.25,https://raw.githubusercontent.com/majordomef-sudo/pea-comparator/main/etf-data.js
LU2678230652,,Amundi MSCI Europe ESG Broad Transition UCITS ETF EUR Dist,Amundi,,,0.12,https://raw.githubusercontent.com/majordomef-sudo/pea-comparator/main/etf-data.js
LU2777377875,,"Low Carbon 100 Europe PAB, a sub-fund of BNP PARIBAS EASY, share class: UCITS ETF SD Distribution (LU2777377875)",BNP Paribas,,,,https://raw.githubusercontent.com/majordomef-sudo/pea-comparator/main/etf-data.js
LU2873560481,,Amundi MSCI Europe ESG Broad Transition UCITS ETF EUR Hedged Acc,Amundi,,,0.14,https://raw.githubusercontent.com/majordomef-sudo/pea-comparator/main/etf-data.js
LU2873560564,,Amundi Core STOXX Europe 600 UCITS ETF USD Hedged Acc,Amundi,,,0.09,https://raw.githubusercontent.com/majordomef-sudo/pea-comparator/main/etf-data.js
LU2898088419,,OSSIAM SERENITY EURO - UCITS ETF 1C (EUR),,,,,https://raw.githubusercontent.com/majordomef-sudo/pea-comparator/main/etf-data.js
LU2997383372,,OSSIAM S&P500 - UCITS ETF 1C (EUR),,,,,https://raw.githubusercontent.com/majordomef-sudo/pea-comparator/main/etf-data.js
LU3038520774,,Amundi STOXX Europe Defense UCITS ETF Acc,Amundi,,,0.35,https://raw.githubusercontent.com/majordomef-sudo/pea-comparator/main/etf-data.js
LU3046618362,,OSSIAM SHILLER BARCLAYS CAPE US SECTOR TILTED TR - UCITS ETF 1C (USD),,,,,https://raw.githubusercontent.com/majordomef-sudo/pea-comparator/main/etf-data.js
LU3046618446,,OSSIAM SHILLER BARCLAYS CAPE US SECTOR TILTED TR - UCITS ETF 1C (EUR),,,,,https://raw.githubusercontent.com/majordomef-sudo/pea-comparator/main/etf-data.js
LU3061478973,,Xtrackers Europe Defence Technologies UCITS ETF,Xtrackers (DWS),,,0.15,https://raw.githubusercontent.com/majordomef-sudo/pea-comparator/main/etf-data.js
LU3086268573,,"MSCI Europe, a sub-fund of BNP PARIBAS EASY, share class: UCITS ETF Capitalisation (LU3086268573)",BNP Paribas,,,,https://raw.githubusercontent.com/majordomef-sudo/pea-comparator/main/etf-data.js
LU3086388124,,Amundi MSCI Europe Screened UCITS ETF Acc,Amundi,,,0.12,https://raw.githubusercontent.com/majordomef-sudo/pea-comparator/main/etf-data.js
LU3121015138,SEZA,State Street EMU Screened Equity Fund - UCITS ETF,State Street SPDR,MSCI EMU Index,,0.6,https://www.ssga.com/fr/fr/intermediary/etfs/state-street-emu-screened-equity-fund-ucits-etf-seza-im
LU3121015484,,"State Street Europe Small Cap Screened Equity Fund (""Fund"")",State Street (SPDR),,,,https://raw.githubusercontent.com/majordomef-sudo/pea-comparator/main/etf-data.js
LU3121015567,,"State Street Europe Screened Enhanced Equity Fund (""Fund"")",State Street (SPDR),,,,https://raw.githubusercontent.com/majordomef-sudo/pea-comparator/main/etf-data.js
LU3206583067,,Amundi Core DAX UCITS ETF Acc,Amundi,,,0.08,https://raw.githubusercontent.com/majordomef-sudo/pea-comparator/main/etf-data.js
NL0010408704,,"Name of Product: VanEck World Equal Weight Screened UCITS ETF (""Product""/""PRIIP"")",,,,0.2,https://raw.githubusercontent.com/majordomef-sudo/pea-comparator/main/etf-data.js
NL0010731816,,"Name of Product: VanEck European Equal Weight Screened UCITS ETF (""Product""/""PRIIP"")",,,,0.4,https://raw.githubusercontent.com/majordomef-sudo/pea-comparator/main/etf-data.js
