isin,ticker,name,issuer,index_tracked,replication,ter,source_url
FR0011550193,,BNP Paribas Easy STOXX Europe 600,,,,"0,19 %",https://finary.com/fr/blog/bourse/etf/etf-pea
FR0011869304,,Amundi PEA Immobilier Europe (FTSE EPRA/NAREIT),,,,"0,40 %",https://finary.com/fr/blog/bourse/etf/etf-pea
FR0011871110,,Amundi PEA Nasdaq-100,,,,"0,30 %",https://finary.com/fr/blog/bourse/etf/etf-pea
FR0011871128,,Amundi PEA S&P 500,,,,"0,12 %",https://finary.com/fr/blog/bourse/etf/etf-pea
FR0013380607,,Amundi CAC 40,,,,"0,25 %",https://finary.com/fr/blog/bourse/etf/etf-pea
FR0013412020,,Amundi PEA Emergent (MSCI Emerging) ESG Transition,,,,"0,30 %",https://finary.com/fr/blog/bourse/etf/etf-pea
FR001400U5Q4,,Amundi PEA Monde (MSCI World),,,,"0,20 %",https://finary.com/fr/blog/bourse/etf/etf-pea
IE0002XZSHO1,,iShares MSCI World Swap PEA,,,,"0,20 %",https://finary.com/fr/blog/bourse/etf/etf-pea
IE00B53L3W79,,iShares Core EURO STOXX 50,,,,"0,10 %",https://finary.com/fr/blog/bourse/etf/etf-pea
LU1681042864,,Amundi PEA MSCI USA ESG Selection,,,,"0,35 %",https://finary.com/fr/blog/bourse/etf/etf-pea
FR0011550185,,BNP Paribas Easy S&P 500,,,,"0,15 %",https://finref.fr/fiches/liste-etf-pea-eligibles/
FR0012739431,,BNP Paribas Easy Euro Stoxx 50,,,,"0,18 %",https://finref.fr/fiches/liste-etf-pea-eligibles/
FR0013380607,,Amundi CAC 40,,,,"0,25 %",https://finref.fr/fiches/liste-etf-pea-eligibles/
FR0013412020,,Amundi PEA MSCI Emerging Markets ESG,,,,"0,20 %",https://finref.fr/fiches/liste-etf-pea-eligibles/
FR0013412269,,Amundi PEA Nasdaq-100,,,,"0,30 %",https://finref.fr/fiches/liste-etf-pea-eligibles/
FR0013412285,,Amundi PEA S&P 500 ESG,,,,"0,25 %",https://finref.fr/fiches/liste-etf-pea-eligibles/
FR0014003IY1,,Amundi MSCI World II,,,,"0,38 %",https://finref.fr/fiches/liste-etf-pea-eligibles/
LU0908500753,,Amundi STOXX Europe 600,,,,"0,07 %",https://finref.fr/fiches/liste-etf-pea-eligibles/
LU1681038672,,Amundi Russell 2000,,,,"0,35 %",https://finref.fr/fiches/liste-etf-pea-eligibles/
LU1681042609,,Amundi MSCI Europe,,,,"0,15 %",https://finref.fr/fiches/liste-etf-pea-eligibles/
LU1681043599,,Amundi MSCI World UCITS ETF,,,,"0,38 %",https://finref.fr/fiches/liste-etf-pea-eligibles/
LU1681044563,,Amundi MSCI Emerging Asia,,,,"0,20 %",https://finref.fr/fiches/liste-etf-pea-eligibles/
LU1681046188,,Amundi PEA MSCI Europe Healthcare,,,,"0,25 %",https://finref.fr/fiches/liste-etf-pea-eligibles/
LU1681046691,,Amundi PEA MSCI Europe IT,,,,"0,25 %",https://finref.fr/fiches/liste-etf-pea-eligibles/
LU2182388400,,Amundi EURO ISTOXX Climate Paris Aligned,,,,"0,18 %",https://finref.fr/fiches/liste-etf-pea-eligibles/
FR0000447039,,"€STR capitalisé + 8,5 points de base ✓ éligible PEA",,,,"0,24 %",https://investissements-faciles.com/meilleurs-etf-pea/
FR0011440478,,MSCI EM EMEA Ex-Egypt ESG Broad CTB Select ✓ éligible PEA,,,,"0,55 %",https://investissements-faciles.com/meilleurs-etf-pea/
FR0011550185,,BNP Paribas Easy S&P 500,,,,"0,12 %",https://investissements-faciles.com/meilleurs-etf-pea/
FR0011550193,,EURO Stoxx 600 NR ✓ éligible PEA,,,,"0,18 %",https://investissements-faciles.com/meilleurs-etf-pea/
FR0011871110,,Nasdaq 100 ✓ éligible PEA,,,,"0,30 %",https://investissements-faciles.com/meilleurs-etf-pea/
FR0013346681,,Solactive €STR Overnight Total Return ✓ éligible PEA,,,,"0,40 %",https://investissements-faciles.com/meilleurs-etf-pea/
FR0013380607,,CAC 40 ✓ éligible PEA,,,,"0,25 %",https://investissements-faciles.com/meilleurs-etf-pea/
FR0013412020,,MSCI EM ex-Egypt ESG Broad CTB Select ✓ éligible PEA,,,,"0,30 %",https://investissements-faciles.com/meilleurs-etf-pea/
FR0013412285,,S&P 500 Scored & Screened+ ✓ éligible PEA,,,,"0,25 %",https://investissements-faciles.com/meilleurs-etf-pea/
FR001400U5Q4,,Amundi PEA Monde (MSCI World),,,,"0,20 %",https://investissements-faciles.com/meilleurs-etf-pea/
IE0002XZSHO1,,iShares MSCI World Swap PEA,,,,"0,20 %",https://investissements-faciles.com/meilleurs-etf-pea/
IE00B53L3W79,,EURO Stoxx 50 NR ✓ éligible PEA,,,,"0,10 %",https://investissements-faciles.com/meilleurs-etf-pea/
IE00B945VV12,,FTSE Developed Europe ✓ éligible PEA,,,,"0,10 %",https://investissements-faciles.com/meilleurs-etf-pea/
LU0292095535,,EURO STOXX Quality Dividend 50 index ✓ éligible PEA,,,,"0,31 %",https://investissements-faciles.com/meilleurs-etf-pea/
LU1598690169,,MSCI EMU Value ✓ éligible PEA,,,,"0,40 %",https://investissements-faciles.com/meilleurs-etf-pea/
LU2195226068,,S&P Eurozone LargeMidCap Net Zero 2050 Paris-Aligned ESG ✓ éligible PEA,,,,"0,00 %",https://investissements-faciles.com/meilleurs-etf-pea/
FR0007080973,,Amundi CAC 40 UCITS ETF (C40),,,,"0,25 %",https://lenouvelinvestisseur.com/etf-pea/
FR0011550185,,BNP Paribas Easy S&P 500 UCITS ETF,,,,"0,15 %",https://lenouvelinvestisseur.com/etf-pea/
FR0013412269,,Amundi PEA Nasdaq-100 UCITS ETF (PANX),,,,"0,23 %",https://lenouvelinvestisseur.com/etf-pea/
FR0013412285,,Amundi PEA S&P 500 UCITS ETF (PE500),,,,"0,15 %",https://lenouvelinvestisseur.com/etf-pea/
LU0908500753,,Lyxor Core Euro Stoxx 50 (DR) UCITS ETF,,,,"0,07 %",https://lenouvelinvestisseur.com/etf-pea/
LU1681043599,,Amundi MSCI World UCITS ETF (CW8),,,,"0,38 %",https://lenouvelinvestisseur.com/etf-pea/
FR0011550185,,BNP Paribas Easy S&P 500 UCITS ETF EUR,,,,"0,12 %",https://prosper-conseil.fr/placements/quels-sont-les-meilleurs-etf-eligibles-au-pea/
FR0011550193,,BNP Paribas Easy Stoxx Europe 600 UCITS ETF,,,,"0,18 %",https://prosper-conseil.fr/placements/quels-sont-les-meilleurs-etf-eligibles-au-pea/
FR0013412012,,Amundi PEA MSCI Emerging Asia ESG Leaders,,,,"0,30 %",https://prosper-conseil.fr/placements/quels-sont-les-meilleurs-etf-eligibles-au-pea/
FR0013412038,,Amundi ETF PEA MSCI Europe UCITS – EUR,,,,"0,15 %",https://prosper-conseil.fr/placements/quels-sont-les-meilleurs-etf-eligibles-au-pea/
FR001400U5Q4,,Amundi PEA Monde (MSCI World) UCITS ETF,,,,"0,20 %",https://prosper-conseil.fr/placements/quels-sont-les-meilleurs-etf-eligibles-au-pea/
IE000DQLYVB9,,iShares S&P 500 Swap PEA UCITS ETF,,,,"0,10 %",https://prosper-conseil.fr/placements/quels-sont-les-meilleurs-etf-eligibles-au-pea/
FR0007052782,,AMUNDI ETF CAC 40,Amundi Asset Management,CAC 40,,0.25%,https://raw.githubusercontent.com/corentinbouton/ETF-scrapper/main/data/ETFs_20-07-24.xlsx
FR0007054358,,AMUNDI ESTOXX50,Amundi Asset Management,EURO STOXX 50,,0.2%,https://raw.githubusercontent.com/corentinbouton/ETF-scrapper/main/data/ETFs_20-07-24.xlsx
FR0010010827,,AMUNDI FTSE MIB,Amundi Asset Management,FTSE MIB,,0.35%,https://raw.githubusercontent.com/corentinbouton/ETF-scrapper/main/data/ETFs_20-07-24.xlsx
FR0010150458,,BNPP CAC 40 ESG,BNP PARIBAS ASSET MANAGEMENT Europe,Euronext CAC40 ESG GrossReturn,,0.25%,https://raw.githubusercontent.com/corentinbouton/ETF-scrapper/main/data/ETFs_20-07-24.xlsx
FR0010342592,,Amundi NSDQ LEV,Amundi Asset Management,NASDAQ-100 Leveraged,,0.6%,https://raw.githubusercontent.com/corentinbouton/ETF-scrapper/main/data/ETFs_20-07-24.xlsx
FR0010405431,,AMUNDI MSCI GREECE,Amundi Asset Management,MSCI Greece IMI + Coca-Cola 20,,0.45%,https://raw.githubusercontent.com/corentinbouton/ETF-scrapper/main/data/ETFs_20-07-24.xlsx
FR0010411884,,AMUNDI ETF BX4,Amundi Asset Management,CAC 40,,0.6%,https://raw.githubusercontent.com/corentinbouton/ETF-scrapper/main/data/ETFs_20-07-24.xlsx
FR0010468983,,AMUNDI ETF SX50 DL,Amundi Asset Management,EURO STOXX 50 Daily Leverage,,0.4%,https://raw.githubusercontent.com/corentinbouton/ETF-scrapper/main/data/ETFs_20-07-24.xlsx
FR0010591362,,AMUNDI ETF SHT CAC,Amundi Asset Management,CAC 40 Short,,0.4%,https://raw.githubusercontent.com/corentinbouton/ETF-scrapper/main/data/ETFs_20-07-24.xlsx
FR0010592014,,AMUNDI ETF LEV CAC,Amundi Asset Management,CAC 40 Leverage,,0.4%,https://raw.githubusercontent.com/corentinbouton/ETF-scrapper/main/data/ETFs_20-07-24.xlsx
FR0010655704,,AMUNDI ETF MS FRA,Amundi Asset Management,MSCI France,,0.25%,https://raw.githubusercontent.com/corentinbouton/ETF-scrapper/main/data/ETFs_20-07-24.xlsx
FR0010655712,,AMUNDI ETF DAX DR,Amundi Asset Management,DAX Net return,,0.1%,https://raw.githubusercontent.com/corentinbouton/ETF-scrapper/main/data/ETFs_20-07-24.xlsx
FR0010655746,,AMUNDI ETF MS SPA,Amundi Asset Management,IBEX 35,,0.3%,https://raw.githubusercontent.com/corentinbouton/ETF-scrapper/main/data/ETFs_20-07-24.xlsx
FR0010717090,,AMUNDI ETF EMU HDV,Amundi Asset Management,MSCI EMU High Dividend Yield,,0.3%,https://raw.githubusercontent.com/corentinbouton/ETF-scrapper/main/data/ETFs_20-07-24.xlsx
FR0010755611,,AMUNDI ETF LEV USA,Amundi Asset Management,MSCI USA Leveraged 2x Daily,,0.35%,https://raw.githubusercontent.com/corentinbouton/ETF-scrapper/main/data/ETFs_20-07-24.xlsx
FR0010791194,,AMUNDI ETF SHT USA,Amundi Asset Management,MSCI USA Short Daily,,0.35%,https://raw.githubusercontent.com/corentinbouton/ETF-scrapper/main/data/ETFs_20-07-24.xlsx
FR0011041334,,AMUNDI ETF CAC MID,Amundi Asset Management,CAC Mid 60,,0.5%,https://raw.githubusercontent.com/corentinbouton/ETF-scrapper/main/data/ETFs_20-07-24.xlsx
FR0011440478,,AMUNDI MSCI EM PEA,Amundi Asset Management,MSCI EM EMEA Ex-Egypt ESG,,0.55%,https://raw.githubusercontent.com/corentinbouton/ETF-scrapper/main/data/ETFs_20-07-24.xlsx
FR0011550185,,BNPP SP500 EUR C,BNP PARIBAS ASSET MANAGEMENT Europe,S&P 500 Net TR,,0.03%,https://raw.githubusercontent.com/corentinbouton/ETF-scrapper/main/data/ETFs_20-07-24.xlsx
FR0011550193,,BNPP Stoxx 600C,BNP PARIBAS ASSET MANAGEMENT Europe,Stoxx Europe 600 TR,,0.08%,https://raw.githubusercontent.com/corentinbouton/ETF-scrapper/main/data/ETFs_20-07-24.xlsx
FR0011869270,,AMUNDI DJIA PEA,Amundi Asset Management,S&P 500 Sstnbl Industrials,,0.5%,https://raw.githubusercontent.com/corentinbouton/ETF-scrapper/main/data/ETFs_20-07-24.xlsx
FR0011869304,,AM IMMO EUR PEA,Amundi Asset Management,FTSE EPRA/NAREIT Dvp Europ NTR,,0.4%,https://raw.githubusercontent.com/corentinbouton/ETF-scrapper/main/data/ETFs_20-07-24.xlsx
FR0011869312,,AM ASIP EXJ PEA,Amundi Asset Management,MSCI AC Asia Pacific ex Japan,,0.6%,https://raw.githubusercontent.com/corentinbouton/ETF-scrapper/main/data/ETFs_20-07-24.xlsx
FR0011869320,,AMUNDI INDIA PEA,Amundi Asset Management,MSCI India,,0.85%,https://raw.githubusercontent.com/corentinbouton/ETF-scrapper/main/data/ETFs_20-07-24.xlsx
FR0011871078,,AMUNDI Chine PEA,Amundi Asset Management,MSCI China ESG Leaders Select,,0.65%,https://raw.githubusercontent.com/corentinbouton/ETF-scrapper/main/data/ETFs_20-07-24.xlsx
FR0011871110,,L PEA NASD100 UE CA,Amundi Asset Management,NASDAQ-100 Net Total Return,,0.3%,https://raw.githubusercontent.com/corentinbouton/ETF-scrapper/main/data/ETFs_20-07-24.xlsx
FR0011871128,,AMUNDI SP500 PEA,Amundi Asset Management,S&P 500 Net Total Return,,0.15%,https://raw.githubusercontent.com/corentinbouton/ETF-scrapper/main/data/ETFs_20-07-24.xlsx
FR0011871136,,AM PEA SP5H EUR,Amundi Asset Management,S&P 500 Daily Hedged Euro,,0.15%,https://raw.githubusercontent.com/corentinbouton/ETF-scrapper/main/data/ETFs_20-07-24.xlsx
FR0011882364,,AMUNDI W WATER PEA,Amundi Asset Management,MSCI ACWI IMI Water Custom Net,,0.6%,https://raw.githubusercontent.com/corentinbouton/ETF-scrapper/main/data/ETFs_20-07-24.xlsx
FR0012739431,,BNPP EUROSTOXX50 C,BNP PARIBAS ASSET MANAGEMENT Europe,EURO STOXX 50,,0.06%,https://raw.githubusercontent.com/corentinbouton/ETF-scrapper/main/data/ETFs_20-07-24.xlsx
FR0013041530,,BNPP SP500 EURH C,BNP PARIBAS ASSET MANAGEMENT Europe,S&P 500 Daily Euro Hedged,,0.03%,https://raw.githubusercontent.com/corentinbouton/ETF-scrapper/main/data/ETFs_20-07-24.xlsx
FR0013346681,,AMUNDI PEA OBLI,Amundi Asset Management,FTSE MTS EU Gov Bond IG,,0.4%,https://raw.githubusercontent.com/corentinbouton/ETF-scrapper/main/data/ETFs_20-07-24.xlsx
FR0013411980,,AMUNDI PEA TOPIX,Amundi Asset Management,TOPIX,,0.2%,https://raw.githubusercontent.com/corentinbouton/ETF-scrapper/main/data/ETFs_20-07-24.xlsx
FR0013411998,,AMUNDI PEA TOPIX H,Amundi Asset Management,TOPIX,,0.48%,https://raw.githubusercontent.com/corentinbouton/ETF-scrapper/main/data/ETFs_20-07-24.xlsx
FR0013412004,,AMUNDI PEA EM ALAT,Amundi Asset Management,MSCI EM LATAM ESG Leaders,,0.2%,https://raw.githubusercontent.com/corentinbouton/ETF-scrapper/main/data/ETFs_20-07-24.xlsx
FR0013412012,,AMUNDI PEA EM ASIA,Amundi Asset Management,MSCI EM Asia ESG Leaders,,0.2%,https://raw.githubusercontent.com/corentinbouton/ETF-scrapper/main/data/ETFs_20-07-24.xlsx
FR0013412020,,AMUNDI PEA MSCI EM,Amundi Asset Management,MSCI EM ex Egypt ESG Leaders,,0.3%,https://raw.githubusercontent.com/corentinbouton/ETF-scrapper/main/data/ETFs_20-07-24.xlsx
FR0013412038,,AMUNDI PEA EUROPE,Amundi Asset Management,MSCI Europe,,0.15%,https://raw.githubusercontent.com/corentinbouton/ETF-scrapper/main/data/ETFs_20-07-24.xlsx
FR0013412269,,AMUNDI PEA NASDAQ,Amundi Asset Management,Solactive ISS ESG US Tech 100,,0.3%,https://raw.githubusercontent.com/corentinbouton/ETF-scrapper/main/data/ETFs_20-07-24.xlsx
FR0013412285,,AMUNDI PEA SP500,Amundi Asset Management,S&P 500 ESG+ Index,,0.25%,https://raw.githubusercontent.com/corentinbouton/ETF-scrapper/main/data/ETFs_20-07-24.xlsx
FR0013412293,,AMUNDI PEA SP500 H,Amundi Asset Management,S&P 500 ESG+ Index,,0.28%,https://raw.githubusercontent.com/corentinbouton/ETF-scrapper/main/data/ETFs_20-07-24.xlsx
FR001400KE06,,Am PEA US ConsStpl,Amundi Asset Management,S&P Sust Enhanced Cons Staples,,0.5%,https://raw.githubusercontent.com/corentinbouton/ETF-scrapper/main/data/ETFs_20-07-24.xlsx
FR001400KH45,,AM PEA USA Value,Amundi Asset Management,MSCI USA IMI Value ESGLowCarb,,0.5%,https://raw.githubusercontent.com/corentinbouton/ETF-scrapper/main/data/ETFs_20-07-24.xlsx
IE00B4K6B022,,HSBC EUROSTX50 ETF,HSBC Investment Funds (Luxembourg) S.A.,EURO STOXX 50,,0.05%,https://raw.githubusercontent.com/corentinbouton/ETF-scrapper/main/data/ETFs_20-07-24.xlsx
IE00B5M1WJ87,,SPDR EUR DIV ARIST,State Street Global Advisors Europe Limited,S&P Euro HY Div Index,,0.3%,https://raw.githubusercontent.com/corentinbouton/ETF-scrapper/main/data/ETFs_20-07-24.xlsx
IE00B910VR50,,SPDR MSCI EMU,State Street Global Advisors Europe Limited,MSCI EMU Index,,0.18%,https://raw.githubusercontent.com/corentinbouton/ETF-scrapper/main/data/ETFs_20-07-24.xlsx
IE00BFTWP510,,SPDR EURO LV,State Street Global Advisors Europe Limited,EUROSTOXX LowRisk Weighted100,,0.3%,https://raw.githubusercontent.com/corentinbouton/ETF-scrapper/main/data/ETFs_20-07-24.xlsx
IE00BKX55S42,,VANGUARD FTSE DE,Vanguard Group (Ireland) Limited,FTSE Developed Europ ex UK Ind,,0.1%,https://raw.githubusercontent.com/corentinbouton/ETF-scrapper/main/data/ETFs_20-07-24.xlsx
LU0136234068,,UBS ETF E50EUA,UBS Fund Management (Luxembourg) S.A.,EURO STOXX 50,,0.09%,https://raw.githubusercontent.com/corentinbouton/ETF-scrapper/main/data/ETFs_20-07-24.xlsx
LU0252633754,,AMUNDI ETF DAX,Amundi Luxembourg S.A.,DAX,,0.15%,https://raw.githubusercontent.com/corentinbouton/ETF-scrapper/main/data/ETFs_20-07-24.xlsx
LU0252634307,,AMUNDI ETF LEVDAX,Amundi Luxembourg S.A.,LevDAX,,0.4%,https://raw.githubusercontent.com/corentinbouton/ETF-scrapper/main/data/ETFs_20-07-24.xlsx
LU0599613147,,OSSIAM EURP EQUI W,OSSIAM,STOXX EUROPE 600 Equal Weight,,0.35%,https://raw.githubusercontent.com/corentinbouton/ETF-scrapper/main/data/ETFs_20-07-24.xlsx
LU0629460675,,UBS ETF ESREUA,UBS Fund Management (Luxembourg) S.A.,MSCI EMU SRI Low Carbon 5% IC,,0.2%,https://raw.githubusercontent.com/corentinbouton/ETF-scrapper/main/data/ETFs_20-07-24.xlsx
LU0908501058,,AMUNDI COR STOX300,Amundi Luxembourg S.A.,MSCI EMU ESG Broad Select NTR,,0.05%,https://raw.githubusercontent.com/corentinbouton/ETF-scrapper/main/data/ETFs_20-07-24.xlsx
LU1079842321,,OSSIAM ETF CAPE EU,OSSIAM,Sh. Brcl CAPE EurSectValNRInd,,0.65%,https://raw.githubusercontent.com/corentinbouton/ETF-scrapper/main/data/ETFs_20-07-24.xlsx
LU1327051279,,AMUNDI 2XSHRTSP500,Amundi Asset Management,S&P 500 2X Inverse Daily Index,,0.6%,https://raw.githubusercontent.com/corentinbouton/ETF-scrapper/main/data/ETFs_20-07-24.xlsx
LU1377381717,,BNPP LowVol EU ESG,BNP Paribas Asset Management Luxembourg,BNPP LOW VOL EUROPE ESG NTR,,0.18%,https://raw.githubusercontent.com/corentinbouton/ETF-scrapper/main/data/ETFs_20-07-24.xlsx
LU1377382012,,BNPP Moment EU ESG,BNP Paribas Asset Management Luxembourg,BNPP MOMENTUM EUROPE ESG NTR,,0.18%,https://raw.githubusercontent.com/corentinbouton/ETF-scrapper/main/data/ETFs_20-07-24.xlsx
LU1377382103,,BNPP Quali EU ESG,BNP Paribas Asset Management Luxembourg,BNPP QUALITY EUROPE ESG NTR,,0.18%,https://raw.githubusercontent.com/corentinbouton/ETF-scrapper/main/data/ETFs_20-07-24.xlsx
LU1377382285,,BNPP Value EU ESG,BNP Paribas Asset Management Luxembourg,BNPP VALUE EUROPE ESG NTR,,0.18%,https://raw.githubusercontent.com/corentinbouton/ETF-scrapper/main/data/ETFs_20-07-24.xlsx
LU1598688189,,AMUNDI EMU GROWTH,Amundi Luxembourg S.A.,MSCI EMU Growth Net Return EUR,,0.35%,https://raw.githubusercontent.com/corentinbouton/ETF-scrapper/main/data/ETFs_20-07-24.xlsx
LU1598689153,,AMUNDI SMALL CAP,Amundi Luxembourg S.A.,MSCI EMU Small Cap NR,,0.3%,https://raw.githubusercontent.com/corentinbouton/ETF-scrapper/main/data/ETFs_20-07-24.xlsx
LU1598690169,,AMUNDI EMU VALUE,Amundi Luxembourg S.A.,MSCI EMU Value NR,,0.4%,https://raw.githubusercontent.com/corentinbouton/ETF-scrapper/main/data/ETFs_20-07-24.xlsx
LU1603797074,,IQ EMU SRI,Candriam,Solactive Candriam EMU SRI,,0.15%,https://raw.githubusercontent.com/corentinbouton/ETF-scrapper/main/data/ETFs_20-07-24.xlsx
LU1615090864,,BNPP EQDEU ESG,BNP Paribas Asset Management Luxembourg,BNPP HIGH DIVIDEND EU ESG NTR,,0.18%,https://raw.githubusercontent.com/corentinbouton/ETF-scrapper/main/data/ETFs_20-07-24.xlsx
LU1646360971,,AMUNDI Core EMU,Amundi Luxembourg S.A.,MSCI EMU Net Return EUR Index,,0.12%,https://raw.githubusercontent.com/corentinbouton/ETF-scrapper/main/data/ETFs_20-07-24.xlsx
LU1681037518,,AMUNDI ETF MIB,Amundi Luxembourg S.A.,MIB ESG Index,,0.08%,https://raw.githubusercontent.com/corentinbouton/ETF-scrapper/main/data/ETFs_20-07-24.xlsx
LU1681038672,,AMUNDI RUSSEL 2K,Amundi Luxembourg S.A.,Russell 2000,,0.25%,https://raw.githubusercontent.com/corentinbouton/ETF-scrapper/main/data/ETFs_20-07-24.xlsx
LU1681042864,,AMUNDI ETF MSCI US,Amundi Luxembourg S.A.,MSCI USA ESG LEADERS SELECT 5%,,0.18%,https://raw.githubusercontent.com/corentinbouton/ETF-scrapper/main/data/ETFs_20-07-24.xlsx
LU1681043599,,AMUNDI ETF MSCI WR,Amundi Luxembourg S.A.,MSCI World,,0.28%,https://raw.githubusercontent.com/corentinbouton/ETF-scrapper/main/data/ETFs_20-07-24.xlsx
LU1681046931,,AMUNDI ETF CAC 40,Amundi Luxembourg S.A.,CAC 40 ESG,,0.15%,https://raw.githubusercontent.com/corentinbouton/ETF-scrapper/main/data/ETFs_20-07-24.xlsx
LU1681047236,,AMUNDI ETF ES50 C,Amundi Luxembourg S.A.,EURO STOXX 50,,0.05%,https://raw.githubusercontent.com/corentinbouton/ETF-scrapper/main/data/ETFs_20-07-24.xlsx
LU1812092168,,AMUNDI STX EU SDIV,Amundi Luxembourg S.A.,STOXX Europe Select Div 30,,0.2%,https://raw.githubusercontent.com/corentinbouton/ETF-scrapper/main/data/ETFs_20-07-24.xlsx
LU1829219390,,AMUNDI EUR STXBNK,Amundi Luxembourg S.A.,EURO STOXX Banks Net Return EU,,0.3%,https://raw.githubusercontent.com/corentinbouton/ETF-scrapper/main/data/ETFs_20-07-24.xlsx
LU1834983394,,LYXOR STX 600 AUTO,Amundi Asset Management,STX EU 600 Auto&parts NR EUR,,0.3%,https://raw.githubusercontent.com/corentinbouton/ETF-scrapper/main/data/ETFs_20-07-24.xlsx
LU1834983477,,AMUNDI STX EU BANK,Amundi Asset Management,STOXX EU 600 Banks NetR EUR,,0.3%,https://raw.githubusercontent.com/corentinbouton/ETF-scrapper/main/data/ETFs_20-07-24.xlsx
LU1834983550,,AMUNDI ST EU BA RE,Amundi Luxembourg S.A.,STX EU 600 BAS RES NR EUR,,0.2%,https://raw.githubusercontent.com/corentinbouton/ETF-scrapper/main/data/ETFs_20-07-24.xlsx
LU1834983634,,AMUNDI STX600 BMAT,Amundi Asset Management,AMUNDI STX600 BASIC MATERIALS,,0.3%,https://raw.githubusercontent.com/corentinbouton/ETF-scrapper/main/data/ETFs_20-07-24.xlsx
LU1834983808,,LYXOR STX600 CONMA,Amundi Asset Management,STX EU600 Constru&Mater NR EUR,,0.3%,https://raw.githubusercontent.com/corentinbouton/ETF-scrapper/main/data/ETFs_20-07-24.xlsx
LU1834984798,,LYXOR STX 600 FIN,Amundi Asset Management,STX EU 600 Fin Services NR EUR,,0.3%,https://raw.githubusercontent.com/corentinbouton/ETF-scrapper/main/data/ETFs_20-07-24.xlsx
LU1834985845,,AMUNDI STX600 CONS,Amundi Luxembourg S.A.,AMUNDI STX600 CONSUMER STAPLES,,0.3%,https://raw.githubusercontent.com/corentinbouton/ETF-scrapper/main/data/ETFs_20-07-24.xlsx
LU1834986900,,AMUNDI ST EU HLTHC,Amundi Luxembourg S.A.,STOXX EU 600 Healthcare NR EUR,,0.2%,https://raw.githubusercontent.com/corentinbouton/ETF-scrapper/main/data/ETFs_20-07-24.xlsx
LU1834987890,,AMUNDI STX600 INDU,Amundi Luxembourg S.A.,STOXX EUR 600 IND INDUSTRIALS,,0.2%,https://raw.githubusercontent.com/corentinbouton/ETF-scrapper/main/data/ETFs_20-07-24.xlsx
LU1834987973,,AMUNDI STX 600 INS,Amundi Luxembourg S.A.,STOXX EU 600 Insurance NR EUR,,0.2%,https://raw.githubusercontent.com/corentinbouton/ETF-scrapper/main/data/ETFs_20-07-24.xlsx
LU1834988195,,LYXOR STOXX EUROPE 600 MEDIA UCITS ETF - ACC,Amundi Asset Management,STOXX Eu 600 Media Net Ret EUR,,0.3%,https://raw.githubusercontent.com/corentinbouton/ETF-scrapper/main/data/ETFs_20-07-24.xlsx
LU1834988351,,LYXOR STX600 GOODS,Amundi Asset Management,STXEU600 Perso&House Goods NR,,0.3%,https://raw.githubusercontent.com/corentinbouton/ETF-scrapper/main/data/ETFs_20-07-24.xlsx
LU1834988435,,LYXOR STOXX EUROPE 600 RETAIL UCITS ETF - ACC,Amundi Asset Management,STX EU 600 Retail NR EUR,,0.3%,https://raw.githubusercontent.com/corentinbouton/ETF-scrapper/main/data/ETFs_20-07-24.xlsx
LU1834988518,,AMUNDI STX EU TECH,Amundi Luxembourg S.A.,STOXX EU 600 Tech NR EUR,,0.2%,https://raw.githubusercontent.com/corentinbouton/ETF-scrapper/main/data/ETFs_20-07-24.xlsx
LU1834988609,,AMUNDI STX EU TELE,Amundi Luxembourg S.A.,STX EU 600 TELECOM NetR EUR,,0.2%,https://raw.githubusercontent.com/corentinbouton/ETF-scrapper/main/data/ETFs_20-07-24.xlsx
LU1834988781,,AMUNDI STX600 TRAV,Amundi Luxembourg S.A.,AMUNDI STX600 CONSUMER DISCRET,,0.2%,https://raw.githubusercontent.com/corentinbouton/ETF-scrapper/main/data/ETFs_20-07-24.xlsx
LU1834988864,,AMUNDI ST EU UTILI,Amundi Luxembourg S.A.,STX EU 600 Utilities NetR EUR,,0.2%,https://raw.githubusercontent.com/corentinbouton/ETF-scrapper/main/data/ETFs_20-07-24.xlsx
LU1847674733,,Os BLM (EUR),OSSIAM,EURPABNL:IND,,0.17%,https://raw.githubusercontent.com/corentinbouton/ETF-scrapper/main/data/ETFs_20-07-24.xlsx
LU2109787635,,AMUNDI EESG ETF,Amundi Luxembourg S.A.,MSCI EMU SRI filtered PAB Ind,,0.08%,https://raw.githubusercontent.com/corentinbouton/ETF-scrapper/main/data/ETFs_20-07-24.xlsx
LU2182388582,,AMUNDI EURZ CLIMPA,Amundi Luxembourg S.A.,MSCI EMU Climate Paris Aligned,,0.08%,https://raw.githubusercontent.com/corentinbouton/ETF-scrapper/main/data/ETFs_20-07-24.xlsx
LU2195226068,,AMUNDI EUROZONEPAB,Amundi Luxembourg S.A.,S&P Paris-Aligned Climate NTR,,0.2%,https://raw.githubusercontent.com/corentinbouton/ETF-scrapper/main/data/ETFs_20-07-24.xlsx
BG9000011163,,EXPAT BULGARIA SOFIX UCITS ETF,Expat Asset Management,,,,https://raw.githubusercontent.com/majordomef-sudo/pea-comparator/main/etf-data.js
BGCROEX03189,,EXPAT CROATIA CROBEX UCITS ETF,Expat Asset Management,,,,https://raw.githubusercontent.com/majordomef-sudo/pea-comparator/main/etf-data.js
BGCZPX003174,,EXPAT CZECH PX UCITS ETF,Expat Asset Management,,,,https://raw.githubusercontent.com/majordomef-sudo/pea-comparator/main/etf-data.js
BGGRASE06174,,EXPAT GREECE ASE UCITS ETF,Expat Asset Management,,,,https://raw.githubusercontent.com/majordomef-sudo/pea-comparator/main/etf-data.js
BGHUBUX01189,,"ETF ""Expat Hungary BUX UCITS ETF",Expat Asset Management,,,,https://raw.githubusercontent.com/majordomef-sudo/pea-comparator/main/etf-data.js
BGMACMB06181,,EXPAT MACEDONIA MBI10 UCITS ETF,Expat Asset Management,,,,https://raw.githubusercontent.com/majordomef-sudo/pea-comparator/main/etf-data.js
BGPLWIG04173,,EXPAT POLAND WIG20 UCITS ETF,Expat Asset Management,,,,https://raw.githubusercontent.com/majordomef-sudo/pea-comparator/main/etf-data.js
BGROBET05176,,EXPAT ROMANIA BET UCITS ETF,Expat Asset Management,,,,https://raw.githubusercontent.com/majordomef-sudo/pea-comparator/main/etf-data.js
BGSKSAX04187,,EXPAT SLOVAKIA SAX UCITS ETF,Expat Asset Management,,,,https://raw.githubusercontent.com/majordomef-sudo/pea-comparator/main/etf-data.js
BGSLOBI02187,,EXPAT SLOVENIA SBI TOP UCITS ETF,Expat Asset Management,,,,https://raw.githubusercontent.com/majordomef-sudo/pea-comparator/main/etf-data.js
BGSRBBE05183,,Expat Serbia BELEX15 UCITS ETF,Expat Asset Management,,,,https://raw.githubusercontent.com/majordomef-sudo/pea-comparator/main/etf-data.js
DE0002635273,,"iShares DivDAX® UCITS ETF (DE) (the ""Fund""), ISIN: DE0002635273, is authorised in Germany and manufactured by BlackRock Asset",BlackRock (iShares),,,"0,31",https://raw.githubusercontent.com/majordomef-sudo/pea-comparator/main/etf-data.js
DE0002635281,,"iShares EURO STOXX Select Dividend 30 UCITS ETF (DE) (le « Fonds ») EUR Dist (la « Catégorie d'unités »), ISIN : DE0002635281, est",BlackRock (iShares),,,"0,31",https://raw.githubusercontent.com/majordomef-sudo/pea-comparator/main/etf-data.js
DE0002635299,,"iShares STOXX Europe Select Dividend 30 UCITS ETF (DE) (le « Fonds »), ISIN : DE0002635299, est autorisé en Allemagne et élaboré par",BlackRock (iShares),,,"0,31",https://raw.githubusercontent.com/majordomef-sudo/pea-comparator/main/etf-data.js
DE0002635307,,"iShares STOXX Europe 600 UCITS ETF (DE) (the ""Fund""), EUR Dist (the ""Unit Class""), ISIN: DE0002635307, is authorised in Germany and",BlackRock (iShares),,,"0,20",https://raw.githubusercontent.com/majordomef-sudo/pea-comparator/main/etf-data.js
DE0005933923,,"iShares MDAX® UCITS ETF (DE) (the ""Fund""), EUR Accu (the ""Unit Class""), ISIN: DE0005933923, is authorised in Germany and manufactured",BlackRock (iShares),,,"0,51",https://raw.githubusercontent.com/majordomef-sudo/pea-comparator/main/etf-data.js
DE0005933931,,"iShares Core DAX® UCITS ETF (DE) (the ""Fund""), EUR Accu (the ""Unit Class""), ISIN: DE0005933931, is authorised in Germany and",BlackRock (iShares),,,"0,16",https://raw.githubusercontent.com/majordomef-sudo/pea-comparator/main/etf-data.js
DE0005933949,,"iShares STOXX Europe 600 Top 20 UCITS ETF (DE) (the ""Fund""), ISIN: DE0005933949, is authorised in Germany and manufactured by",BlackRock (iShares),,,"0,20",https://raw.githubusercontent.com/majordomef-sudo/pea-comparator/main/etf-data.js
DE0005933956,,"iShares Core EURO STOXX 50 UCITS ETF (DE) (the ""Fund""), ISIN: DE0005933956, is authorised in Germany and manufactured by BlackRock",BlackRock (iShares),,,"0,09",https://raw.githubusercontent.com/majordomef-sudo/pea-comparator/main/etf-data.js
DE0005933964,,"iShares SLI UCITS ETF (DE) (the ""Fund""), ISIN: DE0005933964, is authorised in Germany and manufactured by BlackRock Asset",BlackRock (iShares),,,"0,51",https://raw.githubusercontent.com/majordomef-sudo/pea-comparator/main/etf-data.js
DE0005933972,,"iShares TecDAX® UCITS ETF (DE) (the ""Fund""), EUR Accu (the ""Unit Class""), ISIN: DE0005933972, is authorised in Germany and",BlackRock (iShares),,,"0,51",https://raw.githubusercontent.com/majordomef-sudo/pea-comparator/main/etf-data.js
DE0005933980,,"iShares STOXX Europe Large 200 UCITS ETF (DE) (le « Fonds »), ISIN : DE0005933980, est autorisé en Allemagne et élaboré par BlackRock",BlackRock (iShares),,,"0,20",https://raw.githubusercontent.com/majordomef-sudo/pea-comparator/main/etf-data.js
DE0005933998,,"iShares STOXX Europe Mid 200 UCITS ETF (DE) (le « Fonds »), ISIN : DE0005933998, est autorisé en Allemagne et élaboré par BlackRock",BlackRock (iShares),,,"0,20",https://raw.githubusercontent.com/majordomef-sudo/pea-comparator/main/etf-data.js
DE0006289309,,"iShares EURO STOXX Banks 30-15 UCITS ETF (DE) (the ""Fund""), EUR Dist (the ""Unit Class""), ISIN: DE0006289309, is authorised in Germany",BlackRock (iShares),,,"0,51",https://raw.githubusercontent.com/majordomef-sudo/pea-comparator/main/etf-data.js
DE000A0D8Q07,,"iShares EURO STOXX UCITS ETF (DE) (the ""Fund""), ISIN: DE000A0D8Q07, is authorised in Germany and manufactured by BlackRock Asset",BlackRock (iShares),,,"0,20",https://raw.githubusercontent.com/majordomef-sudo/pea-comparator/main/etf-data.js
DE000A0D8Q23,,"iShares ATX UCITS ETF (DE) (le « Fonds »), ISIN : DE000A0D8Q23, est autorisé en Allemagne et élaboré par BlackRock Asset Management",BlackRock (iShares),,,"0,32",https://raw.githubusercontent.com/majordomef-sudo/pea-comparator/main/etf-data.js
DE000A0D8Q49,,"iShares Dow Jones U.S. Select Dividend UCITS ETF (DE) (le « Fonds »), ISIN : DE000A0D8Q49, est autorisé en Allemagne et élaboré par",BlackRock (iShares),,,"0,31",https://raw.githubusercontent.com/majordomef-sudo/pea-comparator/main/etf-data.js
DE000A0D8QZ7,,"iShares STOXX Europe Small 200 UCITS ETF (DE) (le « Fonds »), ISIN : DE000A0D8QZ7, est autorisé en Allemagne et élaboré par BlackRock",BlackRock (iShares),,,"0,20",https://raw.githubusercontent.com/majordomef-sudo/pea-comparator/main/etf-data.js
DE000A0F5UG3,,"iShares Dow Jones Eurozone Leaders Screened UCITS ETF (DE) (the ""Fund""), ISIN: DE000A0F5UG3, is authorised in Germany and",BlackRock (iShares),,,"0,41",https://raw.githubusercontent.com/majordomef-sudo/pea-comparator/main/etf-data.js
DE000A0F5UJ7,,"iShares STOXX Europe 600 Banks UCITS ETF (DE) (the ""Fund""), ISIN: DE000A0F5UJ7, is authorised in Germany and manufactured by",BlackRock (iShares),,,"0,46",https://raw.githubusercontent.com/majordomef-sudo/pea-comparator/main/etf-data.js
DE000A0F5UK5,,"iShares STOXX Europe 600 Basic Resources UCITS ETF (DE) (the ""Fund""), ISIN: DE000A0F5UK5, is authorised in Germany and",BlackRock (iShares),,,"0,46",https://raw.githubusercontent.com/majordomef-sudo/pea-comparator/main/etf-data.js
DE000A0H0744,,"iShares Dow Jones Asia Pacific Select Dividend 50 UCITS ETF (DE) (le « Fonds »), ISIN : DE000A0H0744, est autorisé en Allemagne et",BlackRock (iShares),,,"0,31",https://raw.githubusercontent.com/majordomef-sudo/pea-comparator/main/etf-data.js
DE000A0H08E0,,"iShares STOXX Europe 600 Chemicals UCITS ETF (DE) (the ""Fund""), ISIN: DE000A0H08E0, is authorised in Germany and manufactured by",BlackRock (iShares),,,"0,46",https://raw.githubusercontent.com/majordomef-sudo/pea-comparator/main/etf-data.js
DE000A0H08F7,,"iShares STOXX Europe 600 Construction & Materials UCITS ETF (DE) (the ""Fund""), ISIN: DE000A0H08F7, is authorised in Germany and",BlackRock (iShares),,,"0,46",https://raw.githubusercontent.com/majordomef-sudo/pea-comparator/main/etf-data.js
DE000A0H08G5,,"iShares STOXX Europe 600 Financial Services UCITS ETF (DE) (the ""Fund""), ISIN: DE000A0H08G5, is authorised in Germany and",BlackRock (iShares),,,"0,46",https://raw.githubusercontent.com/majordomef-sudo/pea-comparator/main/etf-data.js
DE000A0H08H3,,"iShares STOXX Europe 600 Food & Beverage UCITS ETF (DE) (the ""Fund""), ISIN: DE000A0H08H3, is authorised in Germany and",BlackRock (iShares),,,"0,46",https://raw.githubusercontent.com/majordomef-sudo/pea-comparator/main/etf-data.js
DE000A0H08J9,,"iShares STOXX Europe 600 Industrial Goods & Services UCITS ETF (DE) (the ""Fund""), ISIN: DE000A0H08J9, is authorised in Germany and",BlackRock (iShares),,,"0,46",https://raw.githubusercontent.com/majordomef-sudo/pea-comparator/main/etf-data.js
DE000A0H08K7,,"iShares STOXX Europe 600 Insurance UCITS ETF (DE) (the ""Fund""), ISIN: DE000A0H08K7, is authorised in Germany and manufactured by",BlackRock (iShares),,,"0,46",https://raw.githubusercontent.com/majordomef-sudo/pea-comparator/main/etf-data.js
DE000A0H08L5,,"iShares STOXX Europe 600 Media UCITS ETF (DE) (the ""Fund""), ISIN: DE000A0H08L5, is authorised in Germany and manufactured by",BlackRock (iShares),,,"0,46",https://raw.githubusercontent.com/majordomef-sudo/pea-comparator/main/etf-data.js
DE000A0H08M3,,"iShares STOXX Europe 600 Oil & Gas UCITS ETF (DE) (the ""Fund""), ISIN: DE000A0H08M3, is authorised in Germany and manufactured by",BlackRock (iShares),,,"0,46",https://raw.githubusercontent.com/majordomef-sudo/pea-comparator/main/etf-data.js
DE000A0H08N1,,"iShares STOXX Europe 600 Personal & Household Goods UCITS ETF (DE) (the ""Fund""), ISIN: DE000A0H08N1, is authorised in Germany and",BlackRock (iShares),,,"0,46",https://raw.githubusercontent.com/majordomef-sudo/pea-comparator/main/etf-data.js
DE000A0H08P6,,"iShares STOXX Europe 600 Retail UCITS ETF (DE) (the ""Fund""), ISIN: DE000A0H08P6, is authorised in Germany and manufactured by",BlackRock (iShares),,,"0,46",https://raw.githubusercontent.com/majordomef-sudo/pea-comparator/main/etf-data.js
DE000A0H08Q4,,"iShares STOXX Europe 600 Technology UCITS ETF (DE) (the ""Fund""), EUR Dist (the ""Unit Class""), ISIN: DE000A0H08Q4, is authorised in",BlackRock (iShares),,,"0,46",https://raw.githubusercontent.com/majordomef-sudo/pea-comparator/main/etf-data.js
DE000A0H08R2,,"iShares STOXX Europe 600 Telecommunications UCITS ETF (DE) (the ""Fund""), ISIN: DE000A0H08R2, is authorised in Germany and",BlackRock (iShares),,,"0,46",https://raw.githubusercontent.com/majordomef-sudo/pea-comparator/main/etf-data.js
DE000A0H08S0,,"iShares STOXX Europe 600 Travel & Leisure UCITS ETF (DE) (the ""Fund""), ISIN: DE000A0H08S0, is authorised in Germany and",BlackRock (iShares),,,"0,46",https://raw.githubusercontent.com/majordomef-sudo/pea-comparator/main/etf-data.js
DE000A0Q4R02,,"iShares STOXX Europe 600 Utilities UCITS ETF (DE) (the ""Fund""), ISIN: DE000A0Q4R02, is authorised in Germany and manufactured by",BlackRock (iShares),,,"0,46",https://raw.githubusercontent.com/majordomef-sudo/pea-comparator/main/etf-data.js
DE000A0Q4R28,,"iShares STOXX Europe 600 Automobiles & Parts UCITS ETF (DE) (the ""Fund""), EUR Dist (the ""Unit Class""), ISIN: DE000A0Q4R28, is",BlackRock (iShares),,,"0,46",https://raw.githubusercontent.com/majordomef-sudo/pea-comparator/main/etf-data.js
DE000A0Q4R36,,"iShares STOXX Europe 600 Health Care UCITS ETF (DE) (the ""Fund""), ISIN: DE000A0Q4R36, is authorised in Germany and manufactured by",BlackRock (iShares),,,"0,46",https://raw.githubusercontent.com/majordomef-sudo/pea-comparator/main/etf-data.js
DE000A0Q4R69,,"iShares DAX® ESG UCITS ETF (DE) (the ""Fund""), ISIN: DE000A0Q4R69, is authorised in Germany and manufactured by BlackRock Asset",BlackRock (iShares),,,"0,12",https://raw.githubusercontent.com/majordomef-sudo/pea-comparator/main/etf-data.js
DE000A2QP323,,"iShares TecDAX® UCITS ETF (DE) (the ""Fund""), EUR Dist (the ""Unit Class""), ISIN: DE000A2QP323, is authorised in Germany and",BlackRock (iShares),,,"0,51",https://raw.githubusercontent.com/majordomef-sudo/pea-comparator/main/etf-data.js
DE000A2QP331,,"iShares Core DAX® UCITS ETF (DE) (the ""Fund""), EUR Dist (the ""Unit Class""), ISIN: DE000A2QP331, is authorised in Germany and",BlackRock (iShares),,,"0,16",https://raw.githubusercontent.com/majordomef-sudo/pea-comparator/main/etf-data.js
DE000A2QP349,,"iShares MDAX® UCITS ETF (DE) (the ""Fund""), EUR Dist (the ""Unit Class""), ISIN: DE000A2QP349, is authorised in Germany and manufactured",BlackRock (iShares),,,"0,51",https://raw.githubusercontent.com/majordomef-sudo/pea-comparator/main/etf-data.js
DE000A2QP372,,"iShares EURO STOXX Banks 30-15 UCITS ETF (DE) (the ""Fund""), EUR Accu (the ""Unit Class""), ISIN: DE000A2QP372, is authorised in",BlackRock (iShares),,,"0,51",https://raw.githubusercontent.com/majordomef-sudo/pea-comparator/main/etf-data.js
DE000A2QP380,,"iShares EURO STOXX Select Dividend 30 UCITS ETF (DE) (le « Fonds ») EUR Accu (la « Catégorie d'unités »), ISIN : DE000A2QP380, est",BlackRock (iShares),,,"0,31",https://raw.githubusercontent.com/majordomef-sudo/pea-comparator/main/etf-data.js
DE000A2QP398,,"iShares STOXX Europe 600 Technology UCITS ETF (DE) (the ""Fund""), EUR Accu (the ""Unit Class""), ISIN: DE000A2QP398, is authorised in",BlackRock (iShares),,,"0,46",https://raw.githubusercontent.com/majordomef-sudo/pea-comparator/main/etf-data.js
DE000A2QP4A8,,"iShares STOXX Europe 600 Automobiles & Parts UCITS ETF (DE) (the ""Fund""), EUR Accu (the ""Unit Class""), ISIN: DE000A2QP4A8, is",BlackRock (iShares),,,"0,46",https://raw.githubusercontent.com/majordomef-sudo/pea-comparator/main/etf-data.js
DE000A2QP4B6,,"iShares STOXX Europe 600 UCITS ETF (DE) (the ""Fund""), EUR Accu (the ""Unit Class""), ISIN: DE000A2QP4B6, is authorised in Germany and",BlackRock (iShares),,,"0,20",https://raw.githubusercontent.com/majordomef-sudo/pea-comparator/main/etf-data.js
DE000ETF9074,,Amundi MDAX ESG II UCITS ETF - Dist,Amundi,,,,https://raw.githubusercontent.com/majordomef-sudo/pea-comparator/main/etf-data.js
DE000ETF9082,,Amundi TecDAX UCITS ETF - Dist,Amundi,,,,https://raw.githubusercontent.com/majordomef-sudo/pea-comparator/main/etf-data.js
DE000ETF9090,,Amundi DAX 50 ESG II UCITS ETF - Dist,Amundi,,,,https://raw.githubusercontent.com/majordomef-sudo/pea-comparator/main/etf-data.js
DE000ETF9603,,Amundi STOXX Europe 600 ESG II UCITS ETF - Dist,Amundi,,,,https://raw.githubusercontent.com/majordomef-sudo/pea-comparator/main/etf-data.js
FR0000021842,,Amundi BEL 20 UCITS ETF Dist,Amundi,,,"0,50",https://raw.githubusercontent.com/majordomef-sudo/pea-comparator/main/etf-data.js
FR0007052782,,Amundi CAC 40 UCITS ETF Dist,Amundi,,,"0,25",https://raw.githubusercontent.com/majordomef-sudo/pea-comparator/main/etf-data.js
FR0007054358,,AMUNDI EURO STOXX 50 II UCITS ETF Acc,Amundi,,,"0,20",https://raw.githubusercontent.com/majordomef-sudo/pea-comparator/main/etf-data.js
FR0007056841,,Amundi Dow Jones Industrial Average UCITS ETF Dist,Amundi,,,"0,50",https://raw.githubusercontent.com/majordomef-sudo/pea-comparator/main/etf-data.js
FR0007075494,,Amundi DJ Global Titans 50 UCITS ETF Dist,Amundi,,,"0,40",https://raw.githubusercontent.com/majordomef-sudo/pea-comparator/main/etf-data.js
FR0010010827,,Amundi FTSE MIB UCITS ETF Dist,Amundi,,,"0,35",https://raw.githubusercontent.com/majordomef-sudo/pea-comparator/main/etf-data.js
FR0010245514,,AMUNDI Japan TOPIX II UCITS ETF EUR Dist,Amundi,,,"0,45",https://raw.githubusercontent.com/majordomef-sudo/pea-comparator/main/etf-data.js
FR0010251744,,Amundi IBEX 35 UCITS ETF Dist,Amundi,,,"0,29",https://raw.githubusercontent.com/majordomef-sudo/pea-comparator/main/etf-data.js
FR0010261198,,Amundi MSCI Europe UCITS ETF Acc,Amundi,,,"0,25",https://raw.githubusercontent.com/majordomef-sudo/pea-comparator/main/etf-data.js
FR0010315770,,Amundi MSCI World Swap II UCITS ETF Dist,Amundi,,,"0,28",https://raw.githubusercontent.com/majordomef-sudo/pea-comparator/main/etf-data.js
FR0010361683,,Amundi MSCI India Swap UCITS ETF EUR Acc,Amundi,,,"0,83",https://raw.githubusercontent.com/majordomef-sudo/pea-comparator/main/etf-data.js
FR0010375766,,Amundi MSCI India Swap UCITS ETF USD Acc,Amundi,,,"0,83",https://raw.githubusercontent.com/majordomef-sudo/pea-comparator/main/etf-data.js
FR0010377028,,AMUNDI Japan TOPIX II UCITS ETF JPY Dist,Amundi,,,"0,45",https://raw.githubusercontent.com/majordomef-sudo/pea-comparator/main/etf-data.js
FR0010405431,,Amundi MSCI Greece UCITS ETF Dist,Amundi,,,"0,45",https://raw.githubusercontent.com/majordomef-sudo/pea-comparator/main/etf-data.js
FR0010429068,,Amundi MSCI Emerging Markets Swap II UCITS ETF EUR Acc,Amundi,,,"0,54",https://raw.githubusercontent.com/majordomef-sudo/pea-comparator/main/etf-data.js
FR0010435297,,Amundi MSCI Emerging Markets Swap II UCITS ETF USD Acc,Amundi,,,"0,54",https://raw.githubusercontent.com/majordomef-sudo/pea-comparator/main/etf-data.js
FR0010510800,,Amundi EUR Overnight Return UCITS ETF Acc,Amundi,,,"0,10",https://raw.githubusercontent.com/majordomef-sudo/pea-comparator/main/etf-data.js
FR0010524777,,Amundi MSCI New Energy UCITS ETF Dist,Amundi,,,"0,60",https://raw.githubusercontent.com/majordomef-sudo/pea-comparator/main/etf-data.js
FR0010527275,,Amundi MSCI Water UCITS ETF Dist,Amundi,,,"0,60",https://raw.githubusercontent.com/majordomef-sudo/pea-comparator/main/etf-data.js
FR0010655704,,Amundi CAC Transition Climat UCITS ETF Acc,Amundi,,,"0,25",https://raw.githubusercontent.com/majordomef-sudo/pea-comparator/main/etf-data.js
FR0010655712,,AMUNDI ETF DAX UCITS ETF DR,Amundi,,,"0,10",https://raw.githubusercontent.com/majordomef-sudo/pea-comparator/main/etf-data.js
FR0010655746,,Amundi IBEX 35 UCITS ETF Acc,Amundi,,,"0,29",https://raw.githubusercontent.com/majordomef-sudo/pea-comparator/main/etf-data.js
FR0010717090,,Amundi MSCI EMU High Dividend UCITS ETF Acc,Amundi,,,"0,30",https://raw.githubusercontent.com/majordomef-sudo/pea-comparator/main/etf-data.js
FR0010756114,,Amundi MSCI World Ex EMU UCITS ETF Acc,Amundi,,,"0,35",https://raw.githubusercontent.com/majordomef-sudo/pea-comparator/main/etf-data.js
FR0010790980,,Amundi Stoxx Europe 50 UCITS ETF Acc,Amundi,,,"0,15",https://raw.githubusercontent.com/majordomef-sudo/pea-comparator/main/etf-data.js
FR0010821819,,Amundi MSCI Europe ex EMU ESG Selection UCITS ETF Acc,Amundi,,,"0,30",https://raw.githubusercontent.com/majordomef-sudo/pea-comparator/main/etf-data.js
FR0010930644,,Amundi Global Hydrogen UCITS ETF Acc,Amundi,,,"0,45",https://raw.githubusercontent.com/majordomef-sudo/pea-comparator/main/etf-data.js
FR0011036268,,Amundi IBEX 35 Doble Inverso Diario (-2x) UCITS ETF Acc,Amundi,,,"0,60",https://raw.githubusercontent.com/majordomef-sudo/pea-comparator/main/etf-data.js
FR0011042753,,Amundi IBEX 35 Doble Apalancado Diario (2x) UCITS ETF Acc,Amundi,,,"0,40",https://raw.githubusercontent.com/majordomef-sudo/pea-comparator/main/etf-data.js
FR0011475078,,AMUNDI Japan TOPIX II UCITS ETF EUR Hedged Dist,Amundi,,,"0,45",https://raw.githubusercontent.com/majordomef-sudo/pea-comparator/main/etf-data.js
FR0011550177,,"BNP PARIBAS EASY S&P 500 UCITS ETF, a sub-fund of BNP PARIBAS EASY FR, share class USD C (FR0011550177)",BNP Paribas,,,,https://raw.githubusercontent.com/majordomef-sudo/pea-comparator/main/etf-data.js
FR0011550185,,BNP PARIBAS EASY S&P 500 UCITS ETF - Action EUR C,BNP Paribas,,,"0,14",https://raw.githubusercontent.com/majordomef-sudo/pea-comparator/main/etf-data.js
FR0011550193,,"BNP PARIBAS EASY STOXX EUROPE 600 UCITS ETF, a sub-fund of BNP PARIBAS EASY FR, share class EUR C (FR0011550193)",BNP Paribas,,,,https://raw.githubusercontent.com/majordomef-sudo/pea-comparator/main/etf-data.js
FR0011550672,,"BNP PARIBAS EASY STOXX EUROPE 600 UCITS ETF, a sub-fund of BNP PARIBAS EASY FR, share class EUR C/D (FR0011550672)",BNP Paribas,,,,https://raw.githubusercontent.com/majordomef-sudo/pea-comparator/main/etf-data.js
FR0011550680,,"BNP PARIBAS EASY S&P 500 UCITS ETF, a sub-fund of BNP PARIBAS EASY FR, share class USD C/D (FR0011550680)",BNP Paribas,,,,https://raw.githubusercontent.com/majordomef-sudo/pea-comparator/main/etf-data.js
FR0011660927,,Amundi MSCI World Swap II UCITS ETF EUR Hedged Dist,Amundi,,,"0,28",https://raw.githubusercontent.com/majordomef-sudo/pea-comparator/main/etf-data.js
FR0011669845,,Amundi MSCI World Swap II UCITS ETF USD Hedged Dist,Amundi,,,"0,28",https://raw.githubusercontent.com/majordomef-sudo/pea-comparator/main/etf-data.js
FR0011720911,,Amundi MSCI China A UCITS ETF Acc,Amundi,,,"0,35",https://raw.githubusercontent.com/majordomef-sudo/pea-comparator/main/etf-data.js
FR0011758085,,Amundi FTSE Italia PMI PIR 2020 UCITS ETF Acc,Amundi,,,"0,40",https://raw.githubusercontent.com/majordomef-sudo/pea-comparator/main/etf-data.js
FR0011857234,,Amundi MDAX UCITS ETF Dist,Amundi,,,"0,20",https://raw.githubusercontent.com/majordomef-sudo/pea-comparator/main/etf-data.js
FR0011871128,,Amundi PEA S&P 500 UCITS ETF Acc,Amundi,,,"0,12",https://raw.githubusercontent.com/majordomef-sudo/pea-comparator/main/etf-data.js
FR0012399731,,AMUNDI EURO STOXX 50 II UCITS ETF CHF Hedged Acc,Amundi,,,"0,20",https://raw.githubusercontent.com/majordomef-sudo/pea-comparator/main/etf-data.js
FR0012399772,,AMUNDI EURO STOXX 50 II UCITS ETF GBP Hedged Acc,Amundi,,,"0,20",https://raw.githubusercontent.com/majordomef-sudo/pea-comparator/main/etf-data.js
FR0012399806,,AMUNDI EURO STOXX 50 II UCITS ETF USD Hedged Acc,Amundi,,,"0,20",https://raw.githubusercontent.com/majordomef-sudo/pea-comparator/main/etf-data.js
FR0012739431,,"BNP PARIBAS EASY EURO STOXX 50 UCITS ETF, a sub-fund of BNP PARIBAS EASY FR, share class EUR C (FR0012739431)",BNP Paribas,,,,https://raw.githubusercontent.com/majordomef-sudo/pea-comparator/main/etf-data.js
FR0012740983,,"BNP PARIBAS EASY EURO STOXX 50 UCITS ETF, a sub-fund of BNP PARIBAS EASY FR, share class EUR C/D (FR0012740983)",BNP Paribas,,,,https://raw.githubusercontent.com/majordomef-sudo/pea-comparator/main/etf-data.js
FR0013041530,,"BNP PARIBAS EASY S&P 500 UCITS ETF, a sub-fund of BNP PARIBAS EASY FR, share class EUR H (FR0013041530)",BNP Paribas,,,,https://raw.githubusercontent.com/majordomef-sudo/pea-comparator/main/etf-data.js
FR0013209921,,Amundi MSCI World Ex EMU SRI Climate Paris Aligned UCITS ETF Acc,Amundi,,,"0,35",https://raw.githubusercontent.com/majordomef-sudo/pea-comparator/main/etf-data.js
FR0013346681,,AMUNDI PEA EURO Court Terme UCITS ETF - Acc,Amundi,,,"0,25",https://raw.githubusercontent.com/majordomef-sudo/pea-comparator/main/etf-data.js
FR0013380607,,Amundi CAC 40 UCITS ETF Acc,Amundi,,,"0,25",https://raw.githubusercontent.com/majordomef-sudo/pea-comparator/main/etf-data.js
FR0013411980,,Amundi PEA Japon (TOPIX) UCITS ETF EUR Acc,Amundi,,,"0,20",https://raw.githubusercontent.com/majordomef-sudo/pea-comparator/main/etf-data.js
FR0013412004,,"Type: Units of Amundi PEA Amerique Latine (MSCI Emerging Latin America) Selection UCITS ETF, a UCITS (Undertaking for Collective Investment in",Amundi,,,"0,30",https://raw.githubusercontent.com/majordomef-sudo/pea-comparator/main/etf-data.js
FR0013412012,,Amundi PEA Asie Emergente (MSCI Emerging Asia) Screened UCITS ETF,Amundi,,,"0,30",https://raw.githubusercontent.com/majordomef-sudo/pea-comparator/main/etf-data.js
FR0013412020,,Amundi PEA Emergent (MSCI Emerging) ESG Transition UCITS ETF Acc,Amundi,,,"0,30",https://raw.githubusercontent.com/majordomef-sudo/pea-comparator/main/etf-data.js
FR0013412038,,Amundi PEA MSCI Europe UCITS ETF Acc,Amundi,,,"0,15",https://raw.githubusercontent.com/majordomef-sudo/pea-comparator/main/etf-data.js
FR0013412269,,Amundi PEA US Tech Screened UCITS ETF - Acc,Amundi,,,"0,30",https://raw.githubusercontent.com/majordomef-sudo/pea-comparator/main/etf-data.js
FR0013412285,,Amundi PEA S&P 500 Screened UCITS ETF - Acc,Amundi,,,"0,25",https://raw.githubusercontent.com/majordomef-sudo/pea-comparator/main/etf-data.js
FR0013412293,,Amundi PEA S&P 500 Screened UCITS ETF - EUR Hedged Acc,Amundi,,,"0,28",https://raw.githubusercontent.com/majordomef-sudo/pea-comparator/main/etf-data.js
FR0014002CG3,,Amundi MSCI New Energy UCITS ETF Acc,Amundi,,,"0,60",https://raw.githubusercontent.com/majordomef-sudo/pea-comparator/main/etf-data.js
FR0014002CH1,,Amundi MSCI Water UCITS ETF Acc,Amundi,,,"0,60",https://raw.githubusercontent.com/majordomef-sudo/pea-comparator/main/etf-data.js
FR0014002H76,,Amundi FTSE MIB UCITS ETF Acc,Amundi,,,"0,35",https://raw.githubusercontent.com/majordomef-sudo/pea-comparator/main/etf-data.js
FR0014003FW1,,"Type: Units of AMUNDI MSCI WORLD CLIMATE PARIS ALIGNED UMWELTZEICHEN UCITS ETF, a UCITS (Undertaking for Collective Investment in",Amundi,,,"0,25",https://raw.githubusercontent.com/majordomef-sudo/pea-comparator/main/etf-data.js
FR0014003IY1,,Amundi MSCI World Swap II UCITS ETF Acc,Amundi,,,"0,28",https://raw.githubusercontent.com/majordomef-sudo/pea-comparator/main/etf-data.js
FR0014003N93,,Amundi MSCI World Swap II UCITS ETF EUR Hedged Acc,Amundi,,,"0,28",https://raw.githubusercontent.com/majordomef-sudo/pea-comparator/main/etf-data.js
FR001400KE06,,AMUNDI PEA S&P US Consumer Staples Screened UCITS ETF - Acc,Amundi,,,"0,50",https://raw.githubusercontent.com/majordomef-sudo/pea-comparator/main/etf-data.js
FR001400KH45,,Amundi PEA MSCI USA Value Advanced UCITS ETF - Acc,Amundi,,,"0,50",https://raw.githubusercontent.com/majordomef-sudo/pea-comparator/main/etf-data.js
FR001400U5Q4,,AMUNDI PEA MONDE (MSCI World) UCITS ETF Acc,Amundi,,,"0,20",https://raw.githubusercontent.com/majordomef-sudo/pea-comparator/main/etf-data.js
FR001400ZGO4,,Amundi PEA Emergent (MSCI Emerging) ESG Transition UCITS ETF S – Acc,Amundi,,,"0,30",https://raw.githubusercontent.com/majordomef-sudo/pea-comparator/main/etf-data.js
FR0014015ZN2,,Amundi MDAX UCITS ETF Acc,Amundi,,,"0,20",https://raw.githubusercontent.com/majordomef-sudo/pea-comparator/main/etf-data.js
IE00000EF730,,"iShares Europe Equity Enhanced Active UCITS ETF (the ""Fund""), EUR Accu (the ""Share Class""), ISIN: IE00000EF730, is authorised in Ireland",BlackRock (iShares),,,"0,25",https://raw.githubusercontent.com/majordomef-sudo/pea-comparator/main/etf-data.js
IE00002ZKAP0,,Xtrackers Europe Equity Enhanced Active UCITS ETF,Xtrackers (DWS),,,"0,25",https://raw.githubusercontent.com/majordomef-sudo/pea-comparator/main/etf-data.js
IE00004PGEY9,,JPM Eurozone Research Enhanced Index Equity Active UCITS ETF - EUR (acc),JPMorgan,,,"0,25",https://raw.githubusercontent.com/majordomef-sudo/pea-comparator/main/etf-data.js
IE0000BNORX6,,JPM Europe Equity Premium Income Active UCITS ETF - EUR (acc),JPMorgan,,,"0,35",https://raw.githubusercontent.com/majordomef-sudo/pea-comparator/main/etf-data.js
IE0001JH5CB4,,Xtrackers Europe Net Zero Pathway Paris Aligned UCITS ETF,Xtrackers (DWS),,,"0,15",https://raw.githubusercontent.com/majordomef-sudo/pea-comparator/main/etf-data.js
IE0002A3VE77,,Janus Henderson Pan European High Conviction Equity UCITS ETF - EUR Acc - IE0002A3VE77,,,,"7,44",https://raw.githubusercontent.com/majordomef-sudo/pea-comparator/main/etf-data.js
IE0002Y8CX98,,WisdomTree Europe Defence UCITS ETF - EUR Acc,WisdomTree,,,"0,40",https://raw.githubusercontent.com/majordomef-sudo/pea-comparator/main/etf-data.js
IE0002Z12PN9,,"A Share Class of Robeco 3D EM Equity UCITS ETF, a sub-fund of Robeco UCITS ICAV - Irish Collective Asset-management Vehicle",,,,,https://raw.githubusercontent.com/majordomef-sudo/pea-comparator/main/etf-data.js
IE0003UN5CT1,,JPM Europe Research Enhanced Index Equity SRI Paris Aligned Active UCITS ETF - EUR (acc),JPMorgan,,,"0,23",https://raw.githubusercontent.com/majordomef-sudo/pea-comparator/main/etf-data.js
IE0005HNE843,,WisdomTree Europe Value UCITS ETF - EUR Acc,WisdomTree,,,"0,25",https://raw.githubusercontent.com/majordomef-sudo/pea-comparator/main/etf-data.js
IE00064TWYK9,,JPM Europe Equity Premium Income Active UCITS ETF - EUR (dist),JPMorgan,,,"0,35",https://raw.githubusercontent.com/majordomef-sudo/pea-comparator/main/etf-data.js
IE00067X7JX0,,"Name of Product: Invesco EURO STOXX 50 Equal Weight UCITS ETF (the ""Fund""), a sub-fund of Invesco Markets II plc (the ""Company""), Acc (ISIN:",Invesco,,,"0,20",https://raw.githubusercontent.com/majordomef-sudo/pea-comparator/main/etf-data.js
IE0006PTRUI8,,"iShares MSCI EMU Climate Transition Aware UCITS ETF (the ""Fund""), EUR Accu (the ""Share Class""), ISIN: IE0006PTRUI8, is authorised in",BlackRock (iShares),,,"0,12",https://raw.githubusercontent.com/majordomef-sudo/pea-comparator/main/etf-data.js
IE0007WLHX89,,"A Share Class of Robeco 3D European Equity UCITS ETF, a sub-fund of Robeco UCITS ICAV - Irish Collective Asset-management Vehicle",,,,,https://raw.githubusercontent.com/majordomef-sudo/pea-comparator/main/etf-data.js
IE00082MOBL9,,Global X European SuperDividend® UCITS ETF,,,,,https://raw.githubusercontent.com/majordomef-sudo/pea-comparator/main/etf-data.js
IE0008470928,,"iShares STOXX Europe 50 UCITS ETF (the ""Fund""), EUR Dist (the ""Share Class""), ISIN: IE0008470928, is authorised in Ireland and",BlackRock (iShares),,,"0,35",https://raw.githubusercontent.com/majordomef-sudo/pea-comparator/main/etf-data.js
IE0008471009,,"iShares Core EURO STOXX 50 UCITS ETF EUR (Dist) (the ""Fund""), EUR Dist (the ""Share Class""), ISIN: IE0008471009, is authorised in Ireland",BlackRock (iShares),,,"0,10",https://raw.githubusercontent.com/majordomef-sudo/pea-comparator/main/etf-data.js
IE0008F9FCT2,,"iShares Core MSCI Europe UCITS ETF (the ""Fund""), Hedged CHF Accu (the ""Share Class""), ISIN: IE0008F9FCT2, is authorised in Ireland and",BlackRock (iShares),,,"0,15",https://raw.githubusercontent.com/majordomef-sudo/pea-comparator/main/etf-data.js
IE0008GRJRO8,,"State Street SPDR S&P Europe Defense Vision UCITS ETF (""Fund"")",State Street (SPDR),,,,https://raw.githubusercontent.com/majordomef-sudo/pea-comparator/main/etf-data.js
IE0009F7UB30,,First Trust Europe Growth Strength UCITS ETF,,,,"0,60",https://raw.githubusercontent.com/majordomef-sudo/pea-comparator/main/etf-data.js
IE000AGFZM58,,HSBC MSCI EUROPE ISLAMIC SCREENED UCITS ETF,HSBC,,,"0,30",https://raw.githubusercontent.com/majordomef-sudo/pea-comparator/main/etf-data.js
IE000CPG9HG3,,FIRST TRUST EUROPE RISING DIVIDEND ACHIEVERS UCITS ETF,,,,"0,50",https://raw.githubusercontent.com/majordomef-sudo/pea-comparator/main/etf-data.js
IE000CR424L6,,"iShares MSCI Europe SRI UCITS ETF (the ""Fund""), Hedged EUR Dist (the ""Share Class""), ISIN: IE000CR424L6, is authorised in Ireland and",BlackRock (iShares),,,"0,23",https://raw.githubusercontent.com/majordomef-sudo/pea-comparator/main/etf-data.js
IE000DB78H45,,"Name of Product: Invesco EURO STOXX 50 Equal Weight UCITS ETF (the ""Fund""), a sub-fund of Invesco Markets II plc (the ""Company""), Dist (ISIN:",Invesco,,,"0,20",https://raw.githubusercontent.com/majordomef-sudo/pea-comparator/main/etf-data.js
IE000DXIJHF2,,JPM Eurozone Research Enhanced Index Equity Active UCITS ETF - CHF Hedged (acc),JPMorgan,,,"0,25",https://raw.githubusercontent.com/majordomef-sudo/pea-comparator/main/etf-data.js
IE000E9XXE77,,"iShares MSCI EMU Climate Transition Aware UCITS ETF (the ""Fund""), EUR Dist (the ""Share Class""), ISIN: IE000E9XXE77, is authorised in",BlackRock (iShares),,,"0,12",https://raw.githubusercontent.com/majordomef-sudo/pea-comparator/main/etf-data.js
IE000FOSCLU1,,"iShares MSCI EMU Paris-Aligned Climate UCITS ETF (the ""Fund""), EUR Dist (the ""Share Class""), ISIN: IE000FOSCLU1, is authorised in",BlackRock (iShares),,,"0,15",https://raw.githubusercontent.com/majordomef-sudo/pea-comparator/main/etf-data.js
IE000HH3SU50,,"iShares MSCI Europe Paris-Aligned Climate UCITS ETF (the ""Fund""), EUR Dist (the ""Share Class""), ISIN: IE000HH3SU50, is authorised in",BlackRock (iShares),,,"0,15",https://raw.githubusercontent.com/majordomef-sudo/pea-comparator/main/etf-data.js
IE000IAXNM41,,"iShares Europe Defence UCITS ETF (the ""Fund""), EUR Accu (the ""Share Class""), ISIN: IE000IAXNM41, is authorised in Ireland and",BlackRock (iShares),,,"0,35",https://raw.githubusercontent.com/majordomef-sudo/pea-comparator/main/etf-data.js
IE000IMGE5W5,,Franklin European Quality Dividend UCITS ETF,Franklin Templeton,,,,https://raw.githubusercontent.com/majordomef-sudo/pea-comparator/main/etf-data.js
IE000JEZ2VB3,,"iShares MSCI Europe Quality Dividend Advanced UCITS ETF (the ""Fund""), Hedged GBP Dist (the ""Share Class""), ISIN: IE000JEZ2VB3, is",BlackRock (iShares),,,"0,31",https://raw.githubusercontent.com/majordomef-sudo/pea-comparator/main/etf-data.js
IE000LXEN6X4,,"iShares EURO STOXX 50 ESG UCITS ETF (the ""Fund""), EUR Accu (the ""Share Class""), ISIN: IE000LXEN6X4, is authorised in Ireland and",BlackRock (iShares),,,"0,10",https://raw.githubusercontent.com/majordomef-sudo/pea-comparator/main/etf-data.js
IE000MAO75G5,,"iShares Core MSCI Europe UCITS ETF (the ""Fund""), EUR Accu (the ""Share Class""), ISIN: IE000MAO75G5, is authorised in Ireland and",BlackRock (iShares),,,"0,12",https://raw.githubusercontent.com/majordomef-sudo/pea-comparator/main/etf-data.js
IE000OV4XWA3,,WisdomTree Eurozone Efficient Core UCITS ETF - EUR Acc,WisdomTree,,,"0,20",https://raw.githubusercontent.com/majordomef-sudo/pea-comparator/main/etf-data.js
IE000PYEKKW0,,"iShares MSCI Europe Quality Dividend Advanced UCITS ETF (the ""Fund""), EUR Accu (the ""Share Class""), ISIN: IE000PYEKKW0, is authorised",BlackRock (iShares),,,"0,28",https://raw.githubusercontent.com/majordomef-sudo/pea-comparator/main/etf-data.js
IE000QOLLXO2,,JPM Europe Research Enhanced Index Equity SRI Paris Aligned Active UCITS ETF - EUR (dist),JPMorgan,,,"0,23",https://raw.githubusercontent.com/majordomef-sudo/pea-comparator/main/etf-data.js
IE000SAXJ1M1,,Global X Euro Stoxx 50 Covered Call UCITS ETF,,,,,https://raw.githubusercontent.com/majordomef-sudo/pea-comparator/main/etf-data.js
IE000ST40PX8,,Name of Fund: L&G Cyber Security Innovation UCITS ETF Website: www.lgim.com,,,,"0,49",https://raw.githubusercontent.com/majordomef-sudo/pea-comparator/main/etf-data.js
IE000U3XZQN5,,"iShares MSCI Europe Climate Transition Aware UCITS ETF (the ""Fund""), EUR Accu (the ""Share Class""), ISIN: IE000U3XZQN5, is authorised in",BlackRock (iShares),,,"0,12",https://raw.githubusercontent.com/majordomef-sudo/pea-comparator/main/etf-data.js
IE000VCBWFL8,,Xtrackers MSCI EMU High Dividend Yield ESG UCITS ETF,Xtrackers (DWS),,,"0,25",https://raw.githubusercontent.com/majordomef-sudo/pea-comparator/main/etf-data.js
IE000VKFA2D2,,Xtrackers DJE Europe Equity Research UCITS ETF,Xtrackers (DWS),,,"0,50",https://raw.githubusercontent.com/majordomef-sudo/pea-comparator/main/etf-data.js
IE000WRQ9RR1,,Global X Europe Focused Defence Tech UCITS ETF,,,,,https://raw.githubusercontent.com/majordomef-sudo/pea-comparator/main/etf-data.js
IE000XERHYF0,,"A Share Class of Robeco 3D US Equity UCITS ETF, a sub-fund of Robeco UCITS ICAV - Irish Collective Asset-management Vehicle",,,,,https://raw.githubusercontent.com/majordomef-sudo/pea-comparator/main/etf-data.js
IE000YASIPS3,,"BNP PARIBAS EASY II MSCI Europe PAB UCITS ETF, a sub-fund of BNP PARIBAS EASY II ICAV, share class: EUR Acc (IE000YASIPS3)",BNP Paribas,,,,https://raw.githubusercontent.com/majordomef-sudo/pea-comparator/main/etf-data.js
IE000ZQF1PE1,,"iShares MSCI Europe Climate Transition Aware UCITS ETF (the ""Fund""), EUR Dist (the ""Share Class""), ISIN: IE000ZQF1PE1, is authorised in",BlackRock (iShares),,,"0,12",https://raw.githubusercontent.com/majordomef-sudo/pea-comparator/main/etf-data.js
IE00B02KXL92,,"iShares EURO STOXX Mid UCITS ETF (the ""Fund""), EUR Dist (the ""Share Class""), ISIN: IE00B02KXL92, is authorised in Ireland and",BlackRock (iShares),,,"0,40",https://raw.githubusercontent.com/majordomef-sudo/pea-comparator/main/etf-data.js
IE00B02KXM00,,"iShares EURO STOXX Small UCITS ETF (the ""Fund""), EUR Dist (the ""Share Class""), ISIN: IE00B02KXM00, is authorised in Ireland and",BlackRock (iShares),,,"0,40",https://raw.githubusercontent.com/majordomef-sudo/pea-comparator/main/etf-data.js
IE00B0M63284,,"iShares European Property Yield UCITS ETF (the ""Fund""), EUR Dist (the ""Share Class""), ISIN: IE00B0M63284, is authorised in Ireland and",BlackRock (iShares),,,"0,40",https://raw.githubusercontent.com/majordomef-sudo/pea-comparator/main/etf-data.js
IE00B14X4N27,,"iShares MSCI Europe ex-UK UCITS ETF (the ""Fund""), EUR Dist (the ""Share Class""), ISIN: IE00B14X4N27, is authorised in Ireland and",BlackRock (iShares),,,"0,40",https://raw.githubusercontent.com/majordomef-sudo/pea-comparator/main/etf-data.js
IE00B1XNH568,,"iShares FTSE MIB UCITS ETF EUR (Dist) (the ""Fund""), EUR Dist (the ""Share Class""), ISIN: IE00B1XNH568, is authorised in Ireland and",BlackRock (iShares),,,"0,35",https://raw.githubusercontent.com/majordomef-sudo/pea-comparator/main/etf-data.js
IE00B1YZSC51,,"iShares Core MSCI Europe UCITS ETF (the ""Fund""), EUR Dist (the ""Share Class""), ISIN: IE00B1YZSC51, is authorised in Ireland and",BlackRock (iShares),,,"0,12",https://raw.githubusercontent.com/majordomef-sudo/pea-comparator/main/etf-data.js
IE00B23D8X81,,"Name of Product: Invesco RAFI Europe Fundamental Value UCITS ETF (the ""Fund""), a sub-fund of Invesco Markets III plc (the ""Company""), Dist (ISIN: IE00",Invesco,,,"0,39",https://raw.githubusercontent.com/majordomef-sudo/pea-comparator/main/etf-data.js
IE00B3VWMM18,,"iShares MSCI EMU Small Cap UCITS ETF (the ""Fund""), EUR Accu (the ""Share Class""), ISIN: IE00B3VWMM18, is authorised in Ireland and",BlackRock (iShares),,,"0,58",https://raw.githubusercontent.com/majordomef-sudo/pea-comparator/main/etf-data.js
IE00B4K48X80,,"iShares Core MSCI Europe UCITS ETF EUR (Acc) (the ""Fund""), EUR Accu (the ""Share Class""), ISIN: IE00B4K48X80, is authorised in Ireland",BlackRock (iShares),,,"0,12",https://raw.githubusercontent.com/majordomef-sudo/pea-comparator/main/etf-data.js
IE00B4K6B022,,HSBC EURO STOXX 50 UCITS ETF,HSBC,,,"0,05",https://raw.githubusercontent.com/majordomef-sudo/pea-comparator/main/etf-data.js
IE00B4M7GH52,,"iShares MSCI Poland UCITS ETF (the ""Fund""), USD Accu (the ""Share Class""), ISIN: IE00B4M7GH52, is authorised in Ireland and",BlackRock (iShares),,,"0,74",https://raw.githubusercontent.com/majordomef-sudo/pea-comparator/main/etf-data.js
IE00B52VJ196,,"iShares MSCI Europe SRI UCITS ETF (the ""Fund""), EUR Accu (the ""Share Class""), ISIN: IE00B52VJ196, is authorised in Ireland and",BlackRock (iShares),,,"0,20",https://raw.githubusercontent.com/majordomef-sudo/pea-comparator/main/etf-data.js
IE00B53L3W79,,"iShares Core EURO STOXX 50 UCITS ETF (the ""Fund""), EUR Accu (the ""Share Class""), ISIN: IE00B53L3W79, is authorised in Ireland and",BlackRock (iShares),,,"0,10",https://raw.githubusercontent.com/majordomef-sudo/pea-comparator/main/etf-data.js
IE00B53L4X51,,"iShares FTSE MIB UCITS ETF EUR (Acc) (the ""Fund""), EUR Accu (the ""Share Class""), ISIN: IE00B53L4X51, is authorised in Ireland and",BlackRock (iShares),,,"0,33",https://raw.githubusercontent.com/majordomef-sudo/pea-comparator/main/etf-data.js
IE00B53QG562,,"iShares Core MSCI EMU UCITS ETF (the ""Fund""), EUR Accu (the ""Share Class""), ISIN: IE00B53QG562, is authorised in Ireland and",BlackRock (iShares),,,"0,12",https://raw.githubusercontent.com/majordomef-sudo/pea-comparator/main/etf-data.js
IE00B5BD5K76,,HSBC MSCI EUROPE UCITS ETF,HSBC,,,"0,10",https://raw.githubusercontent.com/majordomef-sudo/pea-comparator/main/etf-data.js
IE00B86MWN23,,"iShares Edge MSCI Europe Minimum Volatility UCITS ETF (the ""Fund""), EUR Accu (the ""Share Class""), ISIN: IE00B86MWN23, is authorised",BlackRock (iShares),,,"0,25",https://raw.githubusercontent.com/majordomef-sudo/pea-comparator/main/etf-data.js
IE00B8X9NY41,,First Trust Eurozone AlphaDEX® UCITS ETF,,,,"0,65",https://raw.githubusercontent.com/majordomef-sudo/pea-comparator/main/etf-data.js
IE00B910VR50,,"State Street SPDR MSCI EMU UCITS ETF (""Fund"")",State Street (SPDR),,,,https://raw.githubusercontent.com/majordomef-sudo/pea-comparator/main/etf-data.js
IE00BCLWRD08,,"iShares MSCI EMU Mid Cap UCITS ETF (the ""Fund""), EUR Accu (the ""Share Class""), ISIN: IE00BCLWRD08, is authorised in Ireland and",BlackRock (iShares),,,"0,49",https://raw.githubusercontent.com/majordomef-sudo/pea-comparator/main/etf-data.js
IE00BCLWRF22,,"iShares MSCI EMU Large Cap UCITS ETF (the ""Fund""), EUR Accu (the ""Share Class""), ISIN: IE00BCLWRF22, is authorised in Ireland and",BlackRock (iShares),,,"0,49",https://raw.githubusercontent.com/majordomef-sudo/pea-comparator/main/etf-data.js
IE00BDF16007,,WisdomTree Europe Equity Income UCITS ETF Acc,WisdomTree,,,"0,29",https://raw.githubusercontent.com/majordomef-sudo/pea-comparator/main/etf-data.js
IE00BDF16114,,WisdomTree Europe SmallCap Dividend UCITS ETF Acc,WisdomTree,,,"0,38",https://raw.githubusercontent.com/majordomef-sudo/pea-comparator/main/etf-data.js
IE00BDGN9Z19,,Xtrackers MSCI EMU Screened UCITS ETF,Xtrackers (DWS),,,"0,12",https://raw.githubusercontent.com/majordomef-sudo/pea-comparator/main/etf-data.js
IE00BF2B0L69,,Franklin European Quality Dividend UCITS ETF,UBS,,,,https://raw.githubusercontent.com/majordomef-sudo/pea-comparator/main/etf-data.js
IE00BF2FL590,,First Trust Eurozone AlphaDEX® UCITS ETF,,,,"0,65",https://raw.githubusercontent.com/majordomef-sudo/pea-comparator/main/etf-data.js
IE00BF450720,,"iShares STOXX World Equity Multifactor UCITS ETF (the ""Fund""), Hedged CHF Accu (the ""Share Class""), ISIN: IE00BF450720, is authorised",BlackRock (iShares),,,"0,33",https://raw.githubusercontent.com/majordomef-sudo/pea-comparator/main/etf-data.js
IE00BF4G7183,,JPM Europe Research Enhanced Index Equity Active UCITS ETF - EUR (acc),JPMorgan,,,"0,24",https://raw.githubusercontent.com/majordomef-sudo/pea-comparator/main/etf-data.js
IE00BFD26097,,First Trust IPOX® Europe Equity Opportunities UCITS ETF,,,,"0,65",https://raw.githubusercontent.com/majordomef-sudo/pea-comparator/main/etf-data.js
IE00BFMNHK08,,Xtrackers MSCI Europe ESG UCITS ETF,Xtrackers (DWS),,,"0,20",https://raw.githubusercontent.com/majordomef-sudo/pea-comparator/main/etf-data.js
IE00BFNM3B99,,"iShares MSCI EMU Screened UCITS ETF (the ""Fund""), EUR Accu (the ""Share Class""), ISIN: IE00BFNM3B99, is authorised in Ireland and",BlackRock (iShares),,,"0,12",https://raw.githubusercontent.com/majordomef-sudo/pea-comparator/main/etf-data.js
IE00BFNM3C07,,"iShares MSCI EMU Screened UCITS ETF (the ""Fund""), EUR Dist (the ""Share Class""), ISIN: IE00BFNM3C07, is authorised in Ireland and",BlackRock (iShares),,,"0,12",https://raw.githubusercontent.com/majordomef-sudo/pea-comparator/main/etf-data.js
IE00BFNM3D14,,"iShares MSCI Europe Screened UCITS ETF (the ""Fund""), EUR Accu (the ""Share Class""), ISIN: IE00BFNM3D14, is authorised in Ireland and",BlackRock (iShares),,,"0,12",https://raw.githubusercontent.com/majordomef-sudo/pea-comparator/main/etf-data.js
IE00BFNM3F38,,"iShares MSCI Europe Screened UCITS ETF (the ""Fund""), EUR Dist (the ""Share Class""), ISIN: IE00BFNM3F38, is authorised in Ireland and",BlackRock (iShares),,,"0,12",https://raw.githubusercontent.com/majordomef-sudo/pea-comparator/main/etf-data.js
IE00BFWFPX50,,State Street SPDR S&P U.S. Communication Services Select Sector UCITS ETF,State Street (SPDR),,,,https://raw.githubusercontent.com/majordomef-sudo/pea-comparator/main/etf-data.js
IE00BFXR5V83,,Name of Fund: L&G Europe ex UK Equity UCITS ETF Website: www.lgim.com,,,,"0,10",https://raw.githubusercontent.com/majordomef-sudo/pea-comparator/main/etf-data.js
IE00BG0J9Y53,,"iShares Core MSCI EMU UCITS ETF (the ""Fund""), Hedged GBP Dist (the ""Share Class""), ISIN: IE00BG0J9Y53, is authorised in Ireland and",BlackRock (iShares),,,"0,12",https://raw.githubusercontent.com/majordomef-sudo/pea-comparator/main/etf-data.js
IE00BG13YG34,,"iShares Edge MSCI Europe Quality Factor UCITS ETF (the ""Fund""), EUR Dist (the ""Share Class""), ISIN: IE00BG13YG34, is authorised in",BlackRock (iShares),,,"0,25",https://raw.githubusercontent.com/majordomef-sudo/pea-comparator/main/etf-data.js
IE00BG13YH41,,"iShares Edge MSCI Europe Value Factor UCITS ETF (the ""Fund""), EUR Dist (the ""Share Class""), ISIN: IE00BG13YH41, is authorised in Ireland",BlackRock (iShares),,,"0,25",https://raw.githubusercontent.com/majordomef-sudo/pea-comparator/main/etf-data.js
IE00BG13YJ64,,"iShares Edge MSCI Europe Momentum Factor UCITS ETF (the ""Fund""), EUR Dist (the ""Share Class""), ISIN: IE00BG13YJ64, is authorised in",BlackRock (iShares),,,"0,25",https://raw.githubusercontent.com/majordomef-sudo/pea-comparator/main/etf-data.js
IE00BG13YK79,,"iShares Edge MSCI Europe Minimum Volatility UCITS ETF (the ""Fund""), EUR Dist (the ""Share Class""), ISIN: IE00BG13YK79, is authorised in",BlackRock (iShares),,,"0,25",https://raw.githubusercontent.com/majordomef-sudo/pea-comparator/main/etf-data.js
IE00BG13YL86,,"iShares STOXX Europe Equity Multifactor UCITS ETF (the ""Fund""), EUR Dist (the ""Share Class""), ISIN: IE00BG13YL86, is authorised in",BlackRock (iShares),,,"0,25",https://raw.githubusercontent.com/majordomef-sudo/pea-comparator/main/etf-data.js
IE00BG13YZ23,,"iShares STOXX USA Equity Multifactor UCITS ETF (the ""Fund""), USD Dist (the ""Share Class""), ISIN: IE00BG13YZ23, is authorised in Ireland",BlackRock (iShares),,,"0,20",https://raw.githubusercontent.com/majordomef-sudo/pea-comparator/main/etf-data.js
IE00BGDPWW94,,"iShares MSCI Europe SRI UCITS ETF (the ""Fund""), EUR Dist (the ""Share Class""), ISIN: IE00BGDPWW94, is authorised in Ireland and",BlackRock (iShares),,,"0,20",https://raw.githubusercontent.com/majordomef-sudo/pea-comparator/main/etf-data.js
IE00BGDQ0L74,,"iShares European Property Yield UCITS ETF (the ""Fund""), EUR Accu (the ""Share Class""), ISIN: IE00BGDQ0L74, is authorised in Ireland and",BlackRock (iShares),,,"0,40",https://raw.githubusercontent.com/majordomef-sudo/pea-comparator/main/etf-data.js
IE00BGV5VM45,,Xtrackers S&P Europe ex UK UCITS ETF,Xtrackers (DWS),,,"0,09",https://raw.githubusercontent.com/majordomef-sudo/pea-comparator/main/etf-data.js
IE00BHZPHZ28,,"iShares MSCI EMU CTB Enhanced ESG UCITS ETF (the ""Fund""), EUR Dist (the ""Share Class""), ISIN: IE00BHZPHZ28, is authorised in Ireland",BlackRock (iShares),,,"0,12",https://raw.githubusercontent.com/majordomef-sudo/pea-comparator/main/etf-data.js
IE00BHZPJ015,,"iShares MSCI EMU CTB Enhanced ESG UCITS ETF (the ""Fund""), EUR Accu (the ""Share Class""), ISIN: IE00BHZPJ015, is authorised in Ireland",BlackRock (iShares),,,"0,12",https://raw.githubusercontent.com/majordomef-sudo/pea-comparator/main/etf-data.js
IE00BHZPJ676,,"iShares MSCI Europe CTB Enhanced ESG UCITS ETF (the ""Fund""), EUR Dist (the ""Share Class""), ISIN: IE00BHZPJ676, is authorised in Ireland",BlackRock (iShares),,,"0,12",https://raw.githubusercontent.com/majordomef-sudo/pea-comparator/main/etf-data.js
IE00BHZPJ783,,"iShares MSCI Europe CTB Enhanced ESG UCITS ETF (the ""Fund""), EUR Accu (the ""Share Class""), ISIN: IE00BHZPJ783, is authorised in",BlackRock (iShares),,,"0,12",https://raw.githubusercontent.com/majordomef-sudo/pea-comparator/main/etf-data.js
IE00BK5H8015,,"State Street SPDR STOXX Europe 600 SRI UCITS ETF (""Fund"")",State Street (SPDR),,,,https://raw.githubusercontent.com/majordomef-sudo/pea-comparator/main/etf-data.js
IE00BKBF6616,,"iShares Core MSCI EMU UCITS ETF (the ""Fund""), Hedged USD Accu (the ""Share Class""), ISIN: IE00BKBF6616, is authorised in Ireland and",BlackRock (iShares),,,"0,15",https://raw.githubusercontent.com/majordomef-sudo/pea-comparator/main/etf-data.js
IE00BKLTRN76,,Name of Fund: L&G MSCI Europe Climate Pathway UCITS ETF Website: www.lgim.com,UBS,,,"0,11",https://raw.githubusercontent.com/majordomef-sudo/pea-comparator/main/etf-data.js
IE00BKSBGT50,,FIDELITY EUROPE EQUITY RESEARCH ENHANCED UCITS ETF ACC (IE00BKSBGT50),FIL (Fidelity),,,"0,30",https://raw.githubusercontent.com/majordomef-sudo/pea-comparator/main/etf-data.js
IE00BKVL7D31,,"iShares Edge MSCI Europe Minimum Volatility Advanced UCITS ETF (the ""Fund""), EUR Accu (the ""Share Class""), ISIN: IE00BKVL7D31, is",BlackRock (iShares),,,"0,25",https://raw.githubusercontent.com/majordomef-sudo/pea-comparator/main/etf-data.js
IE00BKWQ0C77,,"State Street SPDR MSCI Europe Consumer Discretionary UCITS ETF (""Fund"")",State Street (SPDR),,,,https://raw.githubusercontent.com/majordomef-sudo/pea-comparator/main/etf-data.js
IE00BKWQ0D84,,"State Street SPDR MSCI Europe Consumer Staples UCITS ETF (""Fund"")",State Street (SPDR),,,,https://raw.githubusercontent.com/majordomef-sudo/pea-comparator/main/etf-data.js
IE00BKWQ0F09,,"State Street SPDR MSCI Europe Energy UCITS ETF (""Fund"")",State Street (SPDR),,,,https://raw.githubusercontent.com/majordomef-sudo/pea-comparator/main/etf-data.js
IE00BKWQ0G16,,"State Street SPDR MSCI Europe Financials UCITS ETF (""Fund"")",State Street (SPDR),,,,https://raw.githubusercontent.com/majordomef-sudo/pea-comparator/main/etf-data.js
IE00BKWQ0H23,,"State Street SPDR MSCI Europe Health Care UCITS ETF (""Fund"")",State Street (SPDR),,,,https://raw.githubusercontent.com/majordomef-sudo/pea-comparator/main/etf-data.js
IE00BKWQ0J47,,"State Street SPDR MSCI Europe Industrials UCITS ETF (""Fund"")",State Street (SPDR),,,,https://raw.githubusercontent.com/majordomef-sudo/pea-comparator/main/etf-data.js
IE00BKWQ0K51,,"State Street SPDR MSCI Europe Technology UCITS ETF (""Fund"")",State Street (SPDR),,,,https://raw.githubusercontent.com/majordomef-sudo/pea-comparator/main/etf-data.js
IE00BKWQ0L68,,"State Street SPDR MSCI Europe Materials UCITS ETF (""Fund"")",State Street (SPDR),,,,https://raw.githubusercontent.com/majordomef-sudo/pea-comparator/main/etf-data.js
IE00BKWQ0M75,,"State Street SPDR MSCI Europe Small Cap UCITS ETF (""Fund"")",State Street (SPDR),,,,https://raw.githubusercontent.com/majordomef-sudo/pea-comparator/main/etf-data.js
IE00BKWQ0N82,,"State Street SPDR MSCI Europe Communication Services UCITS ETF (""Fund"")",State Street (SPDR),,,,https://raw.githubusercontent.com/majordomef-sudo/pea-comparator/main/etf-data.js
IE00BKWQ0P07,,"State Street SPDR MSCI Europe Utilities UCITS ETF (""Fund"")",State Street (SPDR),,,,https://raw.githubusercontent.com/majordomef-sudo/pea-comparator/main/etf-data.js
IE00BKWQ0Q14,,"State Street SPDR MSCI Europe UCITS ETF (""Fund"")",State Street (SPDR),,,,https://raw.githubusercontent.com/majordomef-sudo/pea-comparator/main/etf-data.js
IE00BKY55W78,,HSBC EUROPE SCREENED EQUITY UCITS ETF,HSBC,,,"0,15",https://raw.githubusercontent.com/majordomef-sudo/pea-comparator/main/etf-data.js
IE00BKY58625,,HSBC EUROPE EX UK SCREENED EQUITY UCITS ETF,HSBC,,,"0,15",https://raw.githubusercontent.com/majordomef-sudo/pea-comparator/main/etf-data.js
IE00BL6K8C82,,"iShares MSCI Europe Paris-Aligned Climate UCITS ETF (the ""Fund""), EUR Accu (the ""Share Class""), ISIN: IE00BL6K8C82, is authorised in",BlackRock (iShares),,,"0,15",https://raw.githubusercontent.com/majordomef-sudo/pea-comparator/main/etf-data.js
IE00BL6K8D99,,"iShares MSCI EMU Paris-Aligned Climate UCITS ETF (the ""Fund""), EUR Accu (the ""Share Class""), ISIN: IE00BL6K8D99, is authorised in",BlackRock (iShares),,,"0,15",https://raw.githubusercontent.com/majordomef-sudo/pea-comparator/main/etf-data.js
IE00BMDBMG37,,"iShares MSCI Europe SRI UCITS ETF (the ""Fund""), USD Accu (the ""Share Class""), ISIN: IE00BMDBMG37, is authorised in Ireland and",BlackRock (iShares),,,"0,20",https://raw.githubusercontent.com/majordomef-sudo/pea-comparator/main/etf-data.js
IE00BMDPBY65,,Franklin STOXX Europe 600 Paris Aligned Climate UCITS ETF,Franklin Templeton,,,,https://raw.githubusercontent.com/majordomef-sudo/pea-comparator/main/etf-data.js
IE00BMW42074,,"iShares MSCI Europe Consumer Staples Sector UCITS ETF (le « Fonds ») EUR Accu (la « Catégorie d’actions »), ISIN : IE00BMW42074, est",BlackRock (iShares),,,"0,18",https://raw.githubusercontent.com/majordomef-sudo/pea-comparator/main/etf-data.js
IE00BMW42181,,"iShares MSCI Europe Health Care Sector UCITS ETF (le « Fonds ») EUR Accu (la « Catégorie d’actions »), ISIN : IE00BMW42181, est",BlackRock (iShares),,,"0,18",https://raw.githubusercontent.com/majordomef-sudo/pea-comparator/main/etf-data.js
IE00BMW42298,,"iShares MSCI Europe Consumer Discretionary Sector UCITS ETF (le « Fonds ») EUR Accu (la « Catégorie d’actions »), ISIN : IE00BMW42298",BlackRock (iShares),,,"0,18",https://raw.githubusercontent.com/majordomef-sudo/pea-comparator/main/etf-data.js
IE00BMW42306,,"iShares MSCI Europe Financials Sector UCITS ETF (le « Fonds ») EUR Accu (la « Catégorie d’actions »), ISIN : IE00BMW42306, est autorisé",BlackRock (iShares),,,"0,18",https://raw.githubusercontent.com/majordomef-sudo/pea-comparator/main/etf-data.js
IE00BMW42413,,"iShares MSCI Europe Information Technology Sector UCITS ETF (le « Fonds ») EUR Accu (la « Catégorie d’actions »), ISIN : IE00BMW42413",BlackRock (iShares),,,"0,18",https://raw.githubusercontent.com/majordomef-sudo/pea-comparator/main/etf-data.js
IE00BMW42520,,"iShares MSCI Europe Industrials Sector UCITS ETF (le « Fonds ») EUR Accu (la « Catégorie d’actions »), ISIN : IE00BMW42520, est autorisé",BlackRock (iShares),,,"0,18",https://raw.githubusercontent.com/majordomef-sudo/pea-comparator/main/etf-data.js
IE00BMW42637,,"iShares MSCI Europe Energy Sector UCITS ETF (le « Fonds ») EUR Accu (la « Catégorie d’actions »), ISIN : IE00BMW42637, est autorisé en",BlackRock (iShares),,,"0,18",https://raw.githubusercontent.com/majordomef-sudo/pea-comparator/main/etf-data.js
IE00BMYDM919,,Name of Fund: L&G Europe ex-UK Quality Dividends Equal Weight UCITS ETF Website: www.lgim.com,,,,"0,25",https://raw.githubusercontent.com/majordomef-sudo/pea-comparator/main/etf-data.js
IE00BN4PXC48,,UBS (Irl) ETF Plc is an umbrella investment company with variable capital and segregated liability between sub-funds incorporated in Ireland,UBS,,,"0,19",https://raw.githubusercontent.com/majordomef-sudo/pea-comparator/main/etf-data.js
IE00BNC1G699,,Xtrackers MSCI EMU ESG UCITS ETF,Xtrackers (DWS),,,"0,20",https://raw.githubusercontent.com/majordomef-sudo/pea-comparator/main/etf-data.js
IE00BNKF6C99,,Xtrackers Stoxx European Market Leaders UCITS ETF,Xtrackers (DWS),,,"0,25",https://raw.githubusercontent.com/majordomef-sudo/pea-comparator/main/etf-data.js
IE00BP2C0316,,HSBC MSCI EUROPE CLIMATE PARIS ALIGNED UCITS ETF,HSBC,,,"0,15",https://raw.githubusercontent.com/majordomef-sudo/pea-comparator/main/etf-data.js
IE00BQN1K562,,"iShares Edge MSCI Europe Quality Factor UCITS ETF (the ""Fund""), EUR Accu (the ""Share Class""), ISIN: IE00BQN1K562, is authorised in",BlackRock (iShares),,,"0,25",https://raw.githubusercontent.com/majordomef-sudo/pea-comparator/main/etf-data.js
IE00BQN1K786,,"iShares Edge MSCI Europe Momentum Factor UCITS ETF (the ""Fund""), EUR Accu (the ""Share Class""), ISIN: IE00BQN1K786, is authorised in",BlackRock (iShares),,,"0,25",https://raw.githubusercontent.com/majordomef-sudo/pea-comparator/main/etf-data.js
IE00BQN1K901,,"iShares Edge MSCI Europe Value Factor UCITS ETF (the ""Fund""), EUR Accu (the ""Share Class""), ISIN: IE00BQN1K901, is authorised in",BlackRock (iShares),,,"0,25",https://raw.githubusercontent.com/majordomef-sudo/pea-comparator/main/etf-data.js
IE00BQN1KC32,,"iShares MSCI Europe Mid-Cap Equal Weight UCITS ETF (the ""Fund""), EUR Accu (the ""Share Class""), ISIN: IE00BQN1KC32, is authorised in",BlackRock (iShares),,,"0,25",https://raw.githubusercontent.com/majordomef-sudo/pea-comparator/main/etf-data.js
IE00BQZJBX31,,WisdomTree Europe Equity Income UCITS ETF,WisdomTree,,,"0,29",https://raw.githubusercontent.com/majordomef-sudo/pea-comparator/main/etf-data.js
IE00BQZJC527,,WisdomTree Europe SmallCap Dividend UCITS ETF,WisdomTree,,,"0,38",https://raw.githubusercontent.com/majordomef-sudo/pea-comparator/main/etf-data.js
IE00BSPLC298,,State Street SPDR MSCI Europe Small Cap Value Weighted UCITS ETF (« Fonds »),State Street (SPDR),,,"0,30",https://raw.githubusercontent.com/majordomef-sudo/pea-comparator/main/etf-data.js
IE00BSPLC306,,"State Street SPDR MSCI Europe Value UCITS ETF (""Fund"")",State Street (SPDR),,,,https://raw.githubusercontent.com/majordomef-sudo/pea-comparator/main/etf-data.js
IE00BVDPJP67,,"iShares MSCI Europe ex-UK GBP Hedged UCITS ETF (Dist) (the ""Fund""), GBP Dist (the ""Share Class""), ISIN: IE00BVDPJP67, is authorised in",BlackRock (iShares),,,"0,40",https://raw.githubusercontent.com/majordomef-sudo/pea-comparator/main/etf-data.js
IE00BVXBH163,,WisdomTree Europe Equity UCITS ETF - USD Hedged,WisdomTree,,,"0,58",https://raw.githubusercontent.com/majordomef-sudo/pea-comparator/main/etf-data.js
IE00BWK1SP74,,"iShares MSCI EMU CHF Hedged UCITS ETF (Acc) (the ""Fund""), CHF Accu (the ""Share Class""), ISIN: IE00BWK1SP74, is authorised in Ireland",BlackRock (iShares),,,"0,38",https://raw.githubusercontent.com/majordomef-sudo/pea-comparator/main/etf-data.js
IE00BWZN1T31,,"iShares MSCI EMU USD Hedged UCITS ETF (Acc) (the ""Fund""), USD Accu (the ""Share Class""), ISIN: IE00BWZN1T31, is authorised in Ireland",BlackRock (iShares),,,"0,38",https://raw.githubusercontent.com/majordomef-sudo/pea-comparator/main/etf-data.js
IE00BYQCZP72,,WisdomTree Europe Equity UCITS ETF - USD Hedged Acc,WisdomTree,,,"0,58",https://raw.githubusercontent.com/majordomef-sudo/pea-comparator/main/etf-data.js
IE00BYQCZQ89,,WisdomTree Europe Equity UCITS ETF - GBP Hedged,WisdomTree,,,"0,35",https://raw.githubusercontent.com/majordomef-sudo/pea-comparator/main/etf-data.js
IE00BYQCZT11,,WisdomTree Europe Equity UCITS ETF - CHF Hedged Acc,WisdomTree,,,"0,35",https://raw.githubusercontent.com/majordomef-sudo/pea-comparator/main/etf-data.js
IE00BYQCZX56,,WisdomTree Europe Equity UCITS ETF - EUR Acc,WisdomTree,,,"0,32",https://raw.githubusercontent.com/majordomef-sudo/pea-comparator/main/etf-data.js
IE00BYSX4176,,FIDELITY EUROPE QUALITY INCOME UCITS ETF INC (IE00BYSX4176),FIL (Fidelity),,,"0,30",https://raw.githubusercontent.com/majordomef-sudo/pea-comparator/main/etf-data.js
IE00BYSX4283,,FIDELITY EUROPE QUALITY INCOME UCITS ETF ACC (IE00BYSX4283),FIL (Fidelity),,,"0,30",https://raw.githubusercontent.com/majordomef-sudo/pea-comparator/main/etf-data.js
IE00BYSX4408,,FIDELITY EUROPE QUALITY INCOME UCITS ETF GBP HEDGED ACC (IE00BYSX4408),,,,"0,40",https://raw.githubusercontent.com/majordomef-sudo/pea-comparator/main/etf-data.js
IE00BYTH5487,,SPDR MSCI Europe Climate Paris Aligned UCITS ETF (« Fonds »),State Street (SPDR),,,"0,15",https://raw.githubusercontent.com/majordomef-sudo/pea-comparator/main/etf-data.js
IE00BYXPXK00,,"iShares STOXX World Equity Multifactor UCITS ETF (the ""Fund""), Hedged EUR Accu (the ""Share Class""), ISIN: IE00BYXPXK00, is authorised",BlackRock (iShares),,,"0,33",https://raw.githubusercontent.com/majordomef-sudo/pea-comparator/main/etf-data.js
IE00BYXZ2585,,"iShares Core MSCI EMU UCITS ETF (the ""Fund""), EUR Dist (the ""Share Class""), ISIN: IE00BYXZ2585, is authorised in Ireland and",BlackRock (iShares),,,"0,12",https://raw.githubusercontent.com/majordomef-sudo/pea-comparator/main/etf-data.js
IE00BYYHSM20,,"iShares MSCI Europe Quality Dividend Advanced UCITS ETF (the ""Fund""), EUR Dist (the ""Share Class""), ISIN: IE00BYYHSM20, is authorised",BlackRock (iShares),,,"0,28",https://raw.githubusercontent.com/majordomef-sudo/pea-comparator/main/etf-data.js
IE00BZ0PKS76,,"iShares STOXX USA Equity Multifactor UCITS ETF (the ""Fund""), USD Accu (the ""Share Class""), ISIN: IE00BZ0PKS76, is authorised in Ireland",BlackRock (iShares),,,"0,20",https://raw.githubusercontent.com/majordomef-sudo/pea-comparator/main/etf-data.js
IE00BZ0PKT83,,"iShares STOXX World Equity Multifactor UCITS ETF (the ""Fund""), USD Accu (the ""Share Class""), ISIN: IE00BZ0PKT83, is authorised in",BlackRock (iShares),,,"0,30",https://raw.githubusercontent.com/majordomef-sudo/pea-comparator/main/etf-data.js
IE00BZ0PKV06,,"iShares STOXX Europe Equity Multifactor UCITS ETF (the ""Fund""), EUR Accu (the ""Share Class""), ISIN: IE00BZ0PKV06, is authorised in",BlackRock (iShares),,,"0,25",https://raw.githubusercontent.com/majordomef-sudo/pea-comparator/main/etf-data.js
IE00BZ4BMM98,,"Name of Product: Invesco EURO STOXX High Dividend Low Volatility UCITS ETF (the ""Fund""), a sub-fund of Invesco Markets III plc (the ""Company""), Dist (",Invesco,,,"0,30",https://raw.githubusercontent.com/majordomef-sudo/pea-comparator/main/etf-data.js
IE00BZ56SY76,,WisdomTree Eurozone Quality Dividend Growth UCITS ETF -,WisdomTree,,,"0,29",https://raw.githubusercontent.com/majordomef-sudo/pea-comparator/main/etf-data.js
IE00BZ56TQ67,,WisdomTree Eurozone Quality Dividend Growth UCITS ETF -,WisdomTree,,,"0,29",https://raw.githubusercontent.com/majordomef-sudo/pea-comparator/main/etf-data.js
LU0252633754,,Amundi DAX II UCITS ETF Acc,Amundi,,,"0,15",https://raw.githubusercontent.com/majordomef-sudo/pea-comparator/main/etf-data.js
LU0252634307,,Amundi LevDax Daily (2x) leveraged UCITS ETF Acc,Amundi,,,"0,35",https://raw.githubusercontent.com/majordomef-sudo/pea-comparator/main/etf-data.js
LU0274209237,,Xtrackers MSCI Europe UCITS ETF,Xtrackers (DWS),,,"0,12",https://raw.githubusercontent.com/majordomef-sudo/pea-comparator/main/etf-data.js
LU0274211217,,Xtrackers Euro Stoxx 50 UCITS ETF,Xtrackers (DWS),,,"0,09",https://raw.githubusercontent.com/majordomef-sudo/pea-comparator/main/etf-data.js
LU0274211480,,Xtrackers DAX UCITS ETF,Xtrackers (DWS),,,"0,09",https://raw.githubusercontent.com/majordomef-sudo/pea-comparator/main/etf-data.js
LU0274212538,,Xtrackers FTSE MIB UCITS ETF,Xtrackers (DWS),,,"0,30",https://raw.githubusercontent.com/majordomef-sudo/pea-comparator/main/etf-data.js
LU0292095535,,Xtrackers Euro Stoxx Quality Dividend UCITS ETF,Xtrackers (DWS),,,"0,30",https://raw.githubusercontent.com/majordomef-sudo/pea-comparator/main/etf-data.js
LU0292106241,,Xtrackers ShortDAX Daily Swap UCITS ETF,Xtrackers (DWS),,,"0,40",https://raw.githubusercontent.com/majordomef-sudo/pea-comparator/main/etf-data.js
LU0292106753,,Xtrackers Euro Stoxx 50 Short Daily Swap UCITS ETF,Xtrackers (DWS),,,"0,40",https://raw.githubusercontent.com/majordomef-sudo/pea-comparator/main/etf-data.js
LU0322250712,,Xtrackers LPX Private Equity Swap UCITS ETF,Xtrackers (DWS),,,"0,70",https://raw.githubusercontent.com/majordomef-sudo/pea-comparator/main/etf-data.js
LU0322253906,,Xtrackers MSCI Europe Small Cap UCITS ETF,Xtrackers (DWS),,,"0,30",https://raw.githubusercontent.com/majordomef-sudo/pea-comparator/main/etf-data.js
LU0328475792,,Xtrackers Stoxx Europe 600 UCITS ETF,Xtrackers (DWS),,,"0,20",https://raw.githubusercontent.com/majordomef-sudo/pea-comparator/main/etf-data.js
LU0380865021,,Xtrackers Euro Stoxx 50 UCITS ETF,Xtrackers (DWS),,,"0,09",https://raw.githubusercontent.com/majordomef-sudo/pea-comparator/main/etf-data.js
LU0411075376,,Xtrackers LevDAX Daily Swap UCITS ETF,Xtrackers (DWS),,,"0,35",https://raw.githubusercontent.com/majordomef-sudo/pea-comparator/main/etf-data.js
LU0599612842,,OSSIAM EUROPE ESG MACHINE LEARNING - UCITS ETF 1C (EUR),Expat Asset Management,,,"0,65",https://raw.githubusercontent.com/majordomef-sudo/pea-comparator/main/etf-data.js
LU0599613147,,OSSIAM STOXX EUROPE 600 ESG EQUAL WEIGHT NR - UCITS ETF 1C (EUR),Expat Asset Management,,,"0,30",https://raw.githubusercontent.com/majordomef-sudo/pea-comparator/main/etf-data.js
LU0838782315,,Xtrackers DAX ESG Screened UCITS ETF,Xtrackers (DWS),,,"0,09",https://raw.githubusercontent.com/majordomef-sudo/pea-comparator/main/etf-data.js
LU0846194776,,Xtrackers MSCI EMU UCITS ETF,Xtrackers (DWS),,,"0,09",https://raw.githubusercontent.com/majordomef-sudo/pea-comparator/main/etf-data.js
LU0908500753,,Amundi Core STOXX Europe 600 UCITS ETF Acc,Amundi,,,"0,07",https://raw.githubusercontent.com/majordomef-sudo/pea-comparator/main/etf-data.js
LU0908501058,,Amundi MSCI EMU ESG Broad Transition UCITS ETF ACC,Amundi,,,"0,12",https://raw.githubusercontent.com/majordomef-sudo/pea-comparator/main/etf-data.js
LU0908501132,,Amundi MSCI EMU ESG Broad Transition UCITS ETF DIST,Amundi,,,"0,12",https://raw.githubusercontent.com/majordomef-sudo/pea-comparator/main/etf-data.js
LU0959210278,,Amundi S&P Eurozone Dividend Aristocrat Screened UCITS ETF Dist,Amundi,,,"0,30",https://raw.githubusercontent.com/majordomef-sudo/pea-comparator/main/etf-data.js
LU0959210781,,Amundi S&P Eurozone Dividend Aristocrat Screened UCITS ETF Acc,Amundi,,,"0,30",https://raw.githubusercontent.com/majordomef-sudo/pea-comparator/main/etf-data.js
LU1127514245,,Xtrackers MSCI EMU UCITS ETF,Xtrackers (DWS),,,"0,17",https://raw.githubusercontent.com/majordomef-sudo/pea-comparator/main/etf-data.js
LU1184092051,,Xtrackers MSCI Europe UCITS ETF,Xtrackers (DWS),,,"0,30",https://raw.githubusercontent.com/majordomef-sudo/pea-comparator/main/etf-data.js
LU1215828218,,Xtrackers MSCI EMU UCITS ETF,Xtrackers (DWS),,,"0,17",https://raw.githubusercontent.com/majordomef-sudo/pea-comparator/main/etf-data.js
LU1221100792,,Xtrackers DAX ESG Screened UCITS ETF,Xtrackers (DWS),,,"0,19",https://raw.githubusercontent.com/majordomef-sudo/pea-comparator/main/etf-data.js
LU1221102491,,Xtrackers DAX ESG Screened UCITS ETF,Xtrackers (DWS),,,"0,19",https://raw.githubusercontent.com/majordomef-sudo/pea-comparator/main/etf-data.js
LU1291098827,,"MSCI EMU Min TE, a sub-fund of BNP PARIBAS EASY, share class: UCITS ETF Capitalisation (LU1291098827)",BNP Paribas,,,,https://raw.githubusercontent.com/majordomef-sudo/pea-comparator/main/etf-data.js
LU1291099718,,"MSCI Europe Min TE, a sub-fund of BNP PARIBAS EASY, share class: UCITS ETF Capitalisation (LU1291099718)",BNP Paribas,,,,https://raw.githubusercontent.com/majordomef-sudo/pea-comparator/main/etf-data.js
LU1291101555,,"MSCI Europe Small Caps SRI PAB, a sub-fund of BNP PARIBAS EASY, share class: UCITS ETF Capitalisation (LU1291101555)",BNP Paribas,,,,https://raw.githubusercontent.com/majordomef-sudo/pea-comparator/main/etf-data.js
LU1377382368,,"Low Carbon 100 Europe PAB, a sub-fund of BNP PARIBAS EASY, share class: UCITS ETF Capitalisation (LU1377382368)",BNP Paribas,,,,https://raw.githubusercontent.com/majordomef-sudo/pea-comparator/main/etf-data.js
LU1377382442,,"Low Carbon 100 Europe PAB, a sub-fund of BNP PARIBAS EASY, share class: UCITS ETF Distribution (LU1377382442)",BNP Paribas,,,,https://raw.githubusercontent.com/majordomef-sudo/pea-comparator/main/etf-data.js
LU1437015735,,Amundi Core MSCI Europe UCITS ETF,Amundi,,,"0,12",https://raw.githubusercontent.com/majordomef-sudo/pea-comparator/main/etf-data.js
LU1574142243,,Amundi Core STOXX Europe 600 UCITS ETF EUR Hedged Dist,Amundi,,,"0,15",https://raw.githubusercontent.com/majordomef-sudo/pea-comparator/main/etf-data.js
LU1598688189,,Amundi MSCI Europe Growth UCITS ETF Dist,Amundi,,,"0,35",https://raw.githubusercontent.com/majordomef-sudo/pea-comparator/main/etf-data.js
LU1598689153,,Amundi MSCI EMU Small Cap ESG Broad Transition UCITS ETF DIST,Amundi,,,"0,40",https://raw.githubusercontent.com/majordomef-sudo/pea-comparator/main/etf-data.js
LU1598690169,,Amundi MSCI EMU Value Factor UCITS ETF Dist,Amundi,,,"0,40",https://raw.githubusercontent.com/majordomef-sudo/pea-comparator/main/etf-data.js
LU1602144575,,Amundi MSCI EMU ESG Selection - UCITS ETF DR - EUR,Amundi,,,"0,25",https://raw.githubusercontent.com/majordomef-sudo/pea-comparator/main/etf-data.js
LU1646360971,,Amundi Core MSCI EMU UCITS ETF Dist,Amundi,,,"0,12",https://raw.githubusercontent.com/majordomef-sudo/pea-comparator/main/etf-data.js
LU1646361276,,Amundi Core MSCI EMU UCITS ETF Acc,Amundi,,,"0,12",https://raw.githubusercontent.com/majordomef-sudo/pea-comparator/main/etf-data.js
LU1655103486,,OSSIAM BLOOMBERG EUROPE ex EUROZONE PAB NR - UCITS ETF 1C (EUR),Expat Asset Management,,,"0,17",https://raw.githubusercontent.com/majordomef-sudo/pea-comparator/main/etf-data.js
LU1681040223,,Amundi STOXX Europe 600 ESG UCITS ETF Acc,Amundi,,,"0,18",https://raw.githubusercontent.com/majordomef-sudo/pea-comparator/main/etf-data.js
LU1681041460,,Amundi MSCI Europe Momentum Factor UCITS ETF EUR Acc,Amundi,,,"0,23",https://raw.githubusercontent.com/majordomef-sudo/pea-comparator/main/etf-data.js
LU1681041627,,AMUNDI MSCI EUROPE MINIMUM VOLATILITY FACTOR UCITS ETF - EUR,Amundi,,,"0,23",https://raw.githubusercontent.com/majordomef-sudo/pea-comparator/main/etf-data.js
LU1681041890,,AMUNDI MSCI EUROPE QUALITY FACTOR UCITS ETF - EUR,Amundi,,,"0,23",https://raw.githubusercontent.com/majordomef-sudo/pea-comparator/main/etf-data.js
LU1681041973,,Amundi MSCI Europe High Dividend Factor UCITS ETF EUR Acc,Amundi,,,"0,23",https://raw.githubusercontent.com/majordomef-sudo/pea-comparator/main/etf-data.js
LU1681042435,,AMUNDI MSCI EUROPE GROWTH UCITS ETF Acc,Amundi,,,"0,35",https://raw.githubusercontent.com/majordomef-sudo/pea-comparator/main/etf-data.js
LU1681042518,,AMUNDI MSCI EUROPE VALUE FACTOR UCITS ETF - EUR,Amundi,,,"0,23",https://raw.githubusercontent.com/majordomef-sudo/pea-comparator/main/etf-data.js
LU1681042609,,Amundi MSCI Europe ESG Broad Transition UCITS ETF EUR Acc,Amundi,,,"0,12",https://raw.githubusercontent.com/majordomef-sudo/pea-comparator/main/etf-data.js
LU1681042864,,Amundi PEA MSCI USA ESG Selection UCITS ETF - EUR,Amundi,,,"0,35",https://raw.githubusercontent.com/majordomef-sudo/pea-comparator/main/etf-data.js
LU1681042948,,Amundi PEA MSCI USA ESG Selection UCITS ETF - USD,Amundi,,,"0,35",https://raw.githubusercontent.com/majordomef-sudo/pea-comparator/main/etf-data.js
LU1681044308,,Amundi MSCI Europe ex Switzerland ESG Broad Transition UCITS ETF Acc,Amundi,,,"0,13",https://raw.githubusercontent.com/majordomef-sudo/pea-comparator/main/etf-data.js
LU1681046931,,AMUNDI CAC 40 ESG UCITS ETF,Amundi,,,"0,25",https://raw.githubusercontent.com/majordomef-sudo/pea-comparator/main/etf-data.js
LU1681047079,,AMUNDI CAC 40 ESG UCITS ETF,Amundi,,,"0,25",https://raw.githubusercontent.com/majordomef-sudo/pea-comparator/main/etf-data.js
LU1681047236,,Amundi Core Euro STOXX 50 UCITS ETF EUR Acc,Amundi,,,"0,09",https://raw.githubusercontent.com/majordomef-sudo/pea-comparator/main/etf-data.js
LU1681047319,,Amundi Core Euro STOXX 50 UCITS ETF EUR Dist,Amundi,,,"0,09",https://raw.githubusercontent.com/majordomef-sudo/pea-comparator/main/etf-data.js
LU1681047400,,Amundi Core Euro STOXX 50 UCITS ETF USD Acc,Amundi,,,"0,09",https://raw.githubusercontent.com/majordomef-sudo/pea-comparator/main/etf-data.js
LU1737652310,,Amundi Core MSCI Europe UCITS ETF,Amundi,,,"0,12",https://raw.githubusercontent.com/majordomef-sudo/pea-comparator/main/etf-data.js
LU1753045332,,"MSCI Europe SRI PAB, a sub-fund of BNP PARIBAS EASY, share class: UCITS ETF Capitalisation (LU1753045332)",BNP Paribas,,,,https://raw.githubusercontent.com/majordomef-sudo/pea-comparator/main/etf-data.js
LU1753045415,,"MSCI Europe SRI PAB, a sub-fund of BNP PARIBAS EASY, share class: UCITS ETF Distribution (LU1753045415)",BNP Paribas,,,,https://raw.githubusercontent.com/majordomef-sudo/pea-comparator/main/etf-data.js
LU1772333404,,Xtrackers Stoxx Europe 600 UCITS ETF,Xtrackers (DWS),,,"0,25",https://raw.githubusercontent.com/majordomef-sudo/pea-comparator/main/etf-data.js
LU1812092168,,Amundi STOXX Europe Select Dividend 30 UCITS ETF Dist,Amundi,,,"0,30",https://raw.githubusercontent.com/majordomef-sudo/pea-comparator/main/etf-data.js
LU1829219390,,Amundi Euro Stoxx Banks UCITS ETF Acc,Amundi,,,"0,30",https://raw.githubusercontent.com/majordomef-sudo/pea-comparator/main/etf-data.js
LU1834983477,,Amundi STOXX Europe 600 Banks UCITS ETF Acc,Amundi,,,"0,30",https://raw.githubusercontent.com/majordomef-sudo/pea-comparator/main/etf-data.js
LU1834983550,,Amundi STOXX Europe 600 Basic Resources UCITS ETF Acc,Amundi,,,"0,30",https://raw.githubusercontent.com/majordomef-sudo/pea-comparator/main/etf-data.js
LU1834983634,,Amundi STOXX Europe 600 Basic Materials UCITS ETF Acc,Amundi,,,"0,30",https://raw.githubusercontent.com/majordomef-sudo/pea-comparator/main/etf-data.js
LU1834985845,,Amundi STOXX Europe 600 Consumer Staples UCITS ETF Acc,Amundi,,,"0,30",https://raw.githubusercontent.com/majordomef-sudo/pea-comparator/main/etf-data.js
LU1834986900,,Amundi STOXX Europe 600 Healthcare UCITS ETF Acc,Amundi,,,"0,30",https://raw.githubusercontent.com/majordomef-sudo/pea-comparator/main/etf-data.js
LU1834987890,,AMUNDI STOXX EUROPE 600 INDUSTRIALS UCITS ETF Acc,Amundi,,,"0,30",https://raw.githubusercontent.com/majordomef-sudo/pea-comparator/main/etf-data.js
LU1834987973,,Amundi STOXX Europe 600 Insurance UCITS ETF Acc,Amundi,,,"0,30",https://raw.githubusercontent.com/majordomef-sudo/pea-comparator/main/etf-data.js
LU1834988278,,Amundi STOXX Europe 600 Energy Screened UCITS ETF Acc,Amundi,,,"0,30",https://raw.githubusercontent.com/majordomef-sudo/pea-comparator/main/etf-data.js
LU1834988518,,Amundi STOXX Europe 600 Technology UCITS ETF Acc,Amundi,,,"0,30",https://raw.githubusercontent.com/majordomef-sudo/pea-comparator/main/etf-data.js
LU1834988609,,Amundi STOXX Europe 600 Telecommunications UCITS ETF Acc,Amundi,,,"0,30",https://raw.githubusercontent.com/majordomef-sudo/pea-comparator/main/etf-data.js
LU1834988781,,Amundi STOXX Europe 600 Consumer Discretionary UCITS ETF Acc,Amundi,,,"0,30",https://raw.githubusercontent.com/majordomef-sudo/pea-comparator/main/etf-data.js
LU1834988864,,Amundi STOXX Europe 600 Utilities UCITS ETF Acc,Amundi,,,"0,30",https://raw.githubusercontent.com/majordomef-sudo/pea-comparator/main/etf-data.js
LU1847674733,,OSSIAM BLOOMBERG EUROZONE PAB NR - UCITS ETF 1C (EUR),Expat Asset Management,,,"0,17",https://raw.githubusercontent.com/majordomef-sudo/pea-comparator/main/etf-data.js
LU1861137484,,Amundi MSCI Europe SRI Climate Paris Aligned UCITS ETF,Amundi,,,"0,18",https://raw.githubusercontent.com/majordomef-sudo/pea-comparator/main/etf-data.js
LU1920015366,,Xtrackers MSCI EMU UCITS ETF,Xtrackers (DWS),,,"0,09",https://raw.githubusercontent.com/majordomef-sudo/pea-comparator/main/etf-data.js
LU1931974262,,Amundi Prime Europe UCITS ETF,Amundi,,,"0,05",https://raw.githubusercontent.com/majordomef-sudo/pea-comparator/main/etf-data.js
LU1931974429,,AMUNDI PRIME EUROZONE - UCITS ETF DR,Amundi,,,"0,05",https://raw.githubusercontent.com/majordomef-sudo/pea-comparator/main/etf-data.js
LU1940199711,,Amundi MSCI Europe ESG Selection UCITS ETF Acc,Amundi,,,"0,20",https://raw.githubusercontent.com/majordomef-sudo/pea-comparator/main/etf-data.js
LU1940199984,,Amundi MSCI Europe ESG Selection UCITS ETF EUR Hedged Acc,Amundi,,,"0,25",https://raw.githubusercontent.com/majordomef-sudo/pea-comparator/main/etf-data.js
LU1953137681,,"MSCI EMU SRI PAB, a sub-fund of BNP PARIBAS EASY, share class: UCITS ETF Capitalisation (LU1953137681)",BNP Paribas,,,,https://raw.githubusercontent.com/majordomef-sudo/pea-comparator/main/etf-data.js
LU2059756325,,AMUNDI MSCI EMU ESG LEADERS SELECT - UCITS ETF DR - EUR,Amundi,,,"0,25",https://raw.githubusercontent.com/majordomef-sudo/pea-comparator/main/etf-data.js
LU2059756598,,Amundi MSCI Europe SRI Climate Paris Aligned UCITS ETF,Amundi,,,"0,18",https://raw.githubusercontent.com/majordomef-sudo/pea-comparator/main/etf-data.js
LU2082996112,,Amundi STOXX Europe 600 Banks UCITS ETF Dist,Amundi,,,"0,30",https://raw.githubusercontent.com/majordomef-sudo/pea-comparator/main/etf-data.js
LU2082996385,,Amundi STOXX Europe 600 Basic Resources UCITS ETF Dist,Amundi,,,"0,30",https://raw.githubusercontent.com/majordomef-sudo/pea-comparator/main/etf-data.js
LU2082996542,,Amundi STOXX Europe 600 Basic Materials UCITS ETF Dist,Amundi,,,"0,30",https://raw.githubusercontent.com/majordomef-sudo/pea-comparator/main/etf-data.js
LU2082997359,,Amundi STOXX Europe 600 Consumer Staples UCITS ETF Dist,Amundi,,,"0,30",https://raw.githubusercontent.com/majordomef-sudo/pea-comparator/main/etf-data.js
LU2082997516,,Amundi STOXX Europe 600 Healthcare UCITS ETF Dist,Amundi,,,"0,30",https://raw.githubusercontent.com/majordomef-sudo/pea-comparator/main/etf-data.js
LU2082997789,,Amundi STOXX Europe 600 Industrials UCITS ETF Dist,Amundi,,,"0,30",https://raw.githubusercontent.com/majordomef-sudo/pea-comparator/main/etf-data.js
LU2082997946,,Amundi STOXX Europe 600 Insurance UCITS ETF Dist,Amundi,,,"0,30",https://raw.githubusercontent.com/majordomef-sudo/pea-comparator/main/etf-data.js
LU2082998167,,Amundi STOXX Europe 600 Energy Screened UCITS ETF Dist,Amundi,,,"0,30",https://raw.githubusercontent.com/majordomef-sudo/pea-comparator/main/etf-data.js
LU2082998837,,Amundi STOXX Europe 600 Technology UCITS ETF Dist,Amundi,,,"0,30",https://raw.githubusercontent.com/majordomef-sudo/pea-comparator/main/etf-data.js
LU2082999058,,Amundi STOXX Europe 600 Telecommunications UCITS ETF Dist,Amundi,,,"0,30",https://raw.githubusercontent.com/majordomef-sudo/pea-comparator/main/etf-data.js
LU2082999132,,Amundi STOXX Europe 600 Consumer Discretionary UCITS ETF Dist,Amundi,,,"0,30",https://raw.githubusercontent.com/majordomef-sudo/pea-comparator/main/etf-data.js
LU2082999215,,Amundi STOXX Europe 600 Utilities UCITS ETF Dist,Amundi,,,"0,30",https://raw.githubusercontent.com/majordomef-sudo/pea-comparator/main/etf-data.js
LU2089238039,,Amundi Prime Europe UCITS ETF,Amundi,,,"0,05",https://raw.githubusercontent.com/majordomef-sudo/pea-comparator/main/etf-data.js
LU2089238112,,AMUNDI PRIME EUROZONE - UCITS ETF DR,Amundi,,,"0,05",https://raw.githubusercontent.com/majordomef-sudo/pea-comparator/main/etf-data.js
LU2090062436,,Amundi DAX II UCITS ETF Dist,Amundi,,,"0,15",https://raw.githubusercontent.com/majordomef-sudo/pea-comparator/main/etf-data.js
LU2090062600,,Amundi LevDax Daily (2x) leveraged UCITS ETF Dist,Amundi,,,"0,35",https://raw.githubusercontent.com/majordomef-sudo/pea-comparator/main/etf-data.js
LU2109787635,,Amundi MSCI EMU SRI Climate Paris Aligned - UCITS ETF DR,Amundi,,,"0,18",https://raw.githubusercontent.com/majordomef-sudo/pea-comparator/main/etf-data.js
LU2130768844,,Amundi MSCI Europe Climate Paris Aligned UCITS ETF Acc,Amundi,,,"0,15",https://raw.githubusercontent.com/majordomef-sudo/pea-comparator/main/etf-data.js
LU2182388582,,Amundi MSCI EMU Climate Paris Aligned UCITS ETF Acc,Amundi,,,"0,15",https://raw.githubusercontent.com/majordomef-sudo/pea-comparator/main/etf-data.js
LU2195226068,,Amundi S&P Eurozone Climate Paris Aligned UCITS ETF Acc,Amundi,,,"0,20",https://raw.githubusercontent.com/majordomef-sudo/pea-comparator/main/etf-data.js
LU2240851688,,AMUNDI DAX 50 ESG UCITS ETF DR - EUR,Amundi,,,"0,15",https://raw.githubusercontent.com/majordomef-sudo/pea-comparator/main/etf-data.js
LU2446381555,,"ESG Eurozone Biodiversity Leaders PAB, un compartiment de BNP PARIBAS EASY, action : UCITS ETF Capitalisation (LU2446381555)",BNP Paribas,,,"0,35",https://raw.githubusercontent.com/majordomef-sudo/pea-comparator/main/etf-data.js
LU2572256662,,AMUNDI PEA DOW JONES INDUSTRIAL AVERAGE UCITS ETF Dist,Amundi,,,"0,45",https://raw.githubusercontent.com/majordomef-sudo/pea-comparator/main/etf-data.js
LU2572257470,,Amundi MSCI Europe Small Cap ESG Broad Transition UCITS ETF Dist,Amundi,,,"0,23",https://raw.githubusercontent.com/majordomef-sudo/pea-comparator/main/etf-data.js
LU2581375156,,Xtrackers Stoxx Europe 600 UCITS ETF,Xtrackers (DWS),,,"0,07",https://raw.githubusercontent.com/majordomef-sudo/pea-comparator/main/etf-data.js
LU2608817958,,Amundi MSCI Europe Action UCITS ETF Dist,Amundi,,,"0,09",https://raw.githubusercontent.com/majordomef-sudo/pea-comparator/main/etf-data.js
LU2611731667,,Amundi MDAX ESG UCITS ETF Dist,Amundi,,,"0,30",https://raw.githubusercontent.com/majordomef-sudo/pea-comparator/main/etf-data.js
LU2611731741,,AMUNDI DIVDAX UCITS ETF DIST,Amundi,,,"0,25",https://raw.githubusercontent.com/majordomef-sudo/pea-comparator/main/etf-data.js
LU2611732046,,Amundi Core DAX UCITS ETF Dist,Amundi,,,"0,08",https://raw.githubusercontent.com/majordomef-sudo/pea-comparator/main/etf-data.js
LU2611732475,,Amundi SDAX UCITS ETF Dist,Amundi,,,"0,70",https://raw.githubusercontent.com/majordomef-sudo/pea-comparator/main/etf-data.js
LU2611732558,,Amundi Euro STOXX Select Dividend30 UCITS ETF Dist,Amundi,,,"0,25",https://raw.githubusercontent.com/majordomef-sudo/pea-comparator/main/etf-data.js
LU2678230652,,Amundi MSCI Europe ESG Broad Transition UCITS ETF EUR Dist,Amundi,,,"0,12",https://raw.githubusercontent.com/majordomef-sudo/pea-comparator/main/etf-data.js
LU2777377875,,"Low Carbon 100 Europe PAB, a sub-fund of BNP PARIBAS EASY, share class: UCITS ETF SD Distribution (LU2777377875)",BNP Paribas,,,,https://raw.githubusercontent.com/majordomef-sudo/pea-comparator/main/etf-data.js
LU2873560481,,Amundi MSCI Europe ESG Broad Transition UCITS ETF EUR Hedged Acc,Amundi,,,"0,14",https://raw.githubusercontent.com/majordomef-sudo/pea-comparator/main/etf-data.js
LU2873560564,,Amundi Core STOXX Europe 600 UCITS ETF USD Hedged Acc,Amundi,,,"0,09",https://raw.githubusercontent.com/majordomef-sudo/pea-comparator/main/etf-data.js
LU2898088419,,OSSIAM SERENITY EURO - UCITS ETF 1C (EUR),,,,"0,00",https://raw.githubusercontent.com/majordomef-sudo/pea-comparator/main/etf-data.js
LU2932780914,,Amundi S&P Eurozone Climate Paris Aligned UCITS ETF Dist,Amundi,,,"0,20",https://raw.githubusercontent.com/majordomef-sudo/pea-comparator/main/etf-data.js
LU2997383372,,OSSIAM S&P500 - UCITS ETF 1C (EUR),,,,"0,00",https://raw.githubusercontent.com/majordomef-sudo/pea-comparator/main/etf-data.js
LU3038520774,,Amundi STOXX Europe Defense UCITS ETF Acc,Amundi,,,"0,35",https://raw.githubusercontent.com/majordomef-sudo/pea-comparator/main/etf-data.js
LU3046617984,,Ossiam MSCI Europe - UCITS ETF 1C (EUR),,,,"0,00",https://raw.githubusercontent.com/majordomef-sudo/pea-comparator/main/etf-data.js
LU3046618362,,OSSIAM SHILLER BARCLAYS CAPE US SECTOR TILTED TR - UCITS ETF 1C (USD),,,,"0,00",https://raw.githubusercontent.com/majordomef-sudo/pea-comparator/main/etf-data.js
LU3046618446,,OSSIAM SHILLER BARCLAYS CAPE US SECTOR TILTED TR - UCITS ETF 1C (EUR),,,,"0,00",https://raw.githubusercontent.com/majordomef-sudo/pea-comparator/main/etf-data.js
LU3047998896,,"Bloomberg Europe Defense, a sub-fund of BNP PARIBAS EASY, share class: UCITS ETF Capitalisation (LU3047998896)",BNP Paribas,,,,https://raw.githubusercontent.com/majordomef-sudo/pea-comparator/main/etf-data.js
LU3047998979,,"Bloomberg Europe Defense, a sub-fund of BNP PARIBAS EASY, share class: UCITS ETF Distribution (LU3047998979)",BNP Paribas,,,,https://raw.githubusercontent.com/majordomef-sudo/pea-comparator/main/etf-data.js
LU3061478973,,Xtrackers Europe Defence Technologies UCITS ETF,Xtrackers (DWS),,,"0,15",https://raw.githubusercontent.com/majordomef-sudo/pea-comparator/main/etf-data.js
LU3078637314,,OSSIAM MSCI EMU - UCITS ETF 1C (EUR),Expat Asset Management,,,"0,00",https://raw.githubusercontent.com/majordomef-sudo/pea-comparator/main/etf-data.js
LU3086268573,,"MSCI Europe, a sub-fund of BNP PARIBAS EASY, share class: UCITS ETF Capitalisation (LU3086268573)",BNP Paribas,,,,https://raw.githubusercontent.com/majordomef-sudo/pea-comparator/main/etf-data.js
LU3086388124,,Amundi MSCI Europe Screened UCITS ETF Acc,Amundi,,,"0,12",https://raw.githubusercontent.com/majordomef-sudo/pea-comparator/main/etf-data.js
LU3121015484,,"State Street Europe Small Cap Screened Equity Fund (""Fund"")",State Street (SPDR),,,,https://raw.githubusercontent.com/majordomef-sudo/pea-comparator/main/etf-data.js
LU3121015567,,"State Street Europe Screened Enhanced Equity Fund (""Fund"")",State Street (SPDR),,,,https://raw.githubusercontent.com/majordomef-sudo/pea-comparator/main/etf-data.js
LU3180074463,,AMUNDI European Strategic Autonomy UCITS ETF Acc,Amundi,,,"0,40",https://raw.githubusercontent.com/majordomef-sudo/pea-comparator/main/etf-data.js
LU3206583067,,Amundi Core DAX UCITS ETF Acc,Amundi,,,"0,08",https://raw.githubusercontent.com/majordomef-sudo/pea-comparator/main/etf-data.js
NL0010408704,,"Name of Product: VanEck World Equal Weight Screened UCITS ETF (""Product""/""PRIIP"")",,,,"0,20",https://raw.githubusercontent.com/majordomef-sudo/pea-comparator/main/etf-data.js
NL0010731816,,"Name of Product: VanEck European Equal Weight Screened UCITS ETF (""Product""/""PRIIP"")",,,,"0,40",https://raw.githubusercontent.com/majordomef-sudo/pea-comparator/main/etf-data.js
DE0002635273,EXSB,iShares DivDAX UCITS ETF (DE),iShares,DivDAX®,Physique,"0,31%",https://scanetf.com/screener (supabase etf_listing.is_pea_eligible=true)
DE0002635281,EXSG,iShares EURO STOXX Select Dividend 30 UCITS ETF (DE),iShares,,Physique,"0,32%",https://scanetf.com/screener (supabase etf_listing.is_pea_eligible=true)
DE0005933923,EXS3,iShares MDAX UCITS ETF (DE),iShares,MDAX®,Physique,"0,51%",https://scanetf.com/screener (supabase etf_listing.is_pea_eligible=true)
DE0005933931,EXS1,iShares Core DAX® UCITS ETF (DE) EUR (Acc),iShares,DAX®,Physique,"0,16%",https://scanetf.com/screener (supabase etf_listing.is_pea_eligible=true)
DE0005933956,EXW1,iShares EURO STOXX 50 UCITS ETF (DE),iShares,EURO STOXX® 50,Physique,"0,09%",https://scanetf.com/screener (supabase etf_listing.is_pea_eligible=true)
DE0005933972,EXS2,iShares TecDAX UCITS ETF (DE),iShares,TecDAX®,Physique,"0,51%",https://scanetf.com/screener (supabase etf_listing.is_pea_eligible=true)
DE0006289309,EXX1,iShares EURO STOXX Banks 30-15 UCITS ETF (DE),iShares,EURO STOXX® Banks 30-15,Physique,"0,52%",https://scanetf.com/screener (supabase etf_listing.is_pea_eligible=true)
DE000A0D8Q07,EXSI,iShares EURO STOXX UCITS ETF (DE),iShares,EURO STOXX®,Physique,"0,20%",https://scanetf.com/screener (supabase etf_listing.is_pea_eligible=true)
DE000A0D8Q23,EXXX,iShares ATX UCITS ETF (DE),iShares,ATX®,Physique,"0,32%",https://scanetf.com/screener (supabase etf_listing.is_pea_eligible=true)
DE000A0F5UG3,EXXV,iShares Dow Jones Eurozone Sustainability Screened UCITS ETF (DE),iShares,"Dow Jones Sustainability Eurozone ex Alcohol, Tobacco, Gambling and others",Physique,"0,43%",https://scanetf.com/screener (supabase etf_listing.is_pea_eligible=true)
DE000A0H0728,CMSE,iShares Diversified Commodity Swap UCITS ETF (DE),iShares,Bloomberg Commodity,Synthétique,"0,46%",https://scanetf.com/screener (supabase etf_listing.is_pea_eligible=true)
DE000A0H08Q4,EXV3,iShares STOXX Europe 600 Technology UCITS ETF (DE) EUR (Dist),iShares,STOXX® Europe 600 Technology,Physique,"0,46%",https://scanetf.com/screener (supabase etf_listing.is_pea_eligible=true)
DE000A0Q4R28,EXV5,iShares STOXX Europe 600 Automobiles & Parts UCITS ETF (DE) EUR (Dist),iShares,STOXX® Europe 600 Automobiles & Parts,Physique,"0,46%",https://scanetf.com/screener (supabase etf_listing.is_pea_eligible=true)
DE000A2QP323,EXIB,iShares TecDAX® UCITS ETF (DE) EUR (Dist),iShares,TecDAX®,Physique,"0,51%",https://scanetf.com/screener (supabase etf_listing.is_pea_eligible=true)
DE000A2QP372,EXI4,iShares EURO STOXX Banks 30-15 UCITS ETF (DE) EUR (Acc),iShares,EURO STOXX® Banks 30-15,Physique,"0,52%",https://scanetf.com/screener (supabase etf_listing.is_pea_eligible=true)
DE000A2QP380,EXI0,iShares EURO STOXX Select Dividend 30 UCITS ETF (DE) EUR (Acc),iShares,EURO STOXX® Select Dividend 30,Physique,"0,32%",https://scanetf.com/screener (supabase etf_listing.is_pea_eligible=true)
DE000A2QP398,EXH0,iShares STOXX Europe 600 Technology UCITS ETF (DE) EUR (Acc),iShares,STOXX® Europe 600 Technology,Physique,"0,39%",https://scanetf.com/screener (supabase etf_listing.is_pea_eligible=true)
DE000A2QP4A8,EXHG,iShares STOXX Europe 600 Automobiles & Parts UCITS ETF (DE) EUR (Acc),iShares,STOXX® Europe 600 Automobiles & Parts,Physique,"0,41%",https://scanetf.com/screener (supabase etf_listing.is_pea_eligible=true)
FR0007052782,CAC,Amundi CAC 40 UCITS ETF Dist,Amundi,CAC 40®,Physique,"0,25%",https://scanetf.com/screener (supabase etf_listing.is_pea_eligible=true)
FR0007054358,MSE,Amundi EURO STOXX 50 II UCITS ETF Acc,Amundi,EURO STOXX® 50,Physique,"0,20%",https://scanetf.com/screener (supabase etf_listing.is_pea_eligible=true)
FR0010010827,MIB,Amundi FTSE MIB UCITS ETF Dist,Amundi,FTSE MIB,Physique,"0,35%",https://scanetf.com/screener (supabase etf_listing.is_pea_eligible=true)
FR0010150458,E40,BNP Paribas Easy CAC 40 ESG UCITS ETF,BNP Paribas Easy,CAC 40® ESG,Physique,"0,25%",https://scanetf.com/screener (supabase etf_listing.is_pea_eligible=true)
FR0010251744,LYXIB,Amundi IBEX 35 UCITS ETF Dist,Amundi,IBEX 35,Physique,"0,30%",https://scanetf.com/screener (supabase etf_listing.is_pea_eligible=true)
FR0010342592,LQQ,Amundi Nasdaq-100 Daily (2x) Leveraged UCITS ETF Acc,Amundi,,Synthétique,"0,60%",https://scanetf.com/screener (supabase etf_listing.is_pea_eligible=true)
FR0010405431,GRE,Amundi MSCI Greece UCITS ETF Dist,Amundi,MSCI Greece IMI + Coca-Cola 20/35,Physique,"0,55%",https://scanetf.com/screener (supabase etf_listing.is_pea_eligible=true)
FR0010411884,BX4,Amundi CAC 40 Daily (-2x) Inverse UCITS ETF Acc,Amundi,CAC 40® Leverage (2x),Synthétique,"0,60%",https://scanetf.com/screener (supabase etf_listing.is_pea_eligible=true)
FR0010424135,BSX,Amundi EURO STOXX 50 Daily (-1x) Inverse UCITS ETF Acc,Amundi,EURO STOXX® 50 Short,Synthétique,"0,40%",https://scanetf.com/screener (supabase etf_listing.is_pea_eligible=true)
FR0010468983,LVE,Amundi EURO STOXX 50 Daily (2x) Leveraged UCITS ETF Acc,Amundi,EURO STOXX® 50 Leverage (2x),Synthétique,"0,40%",https://scanetf.com/screener (supabase etf_listing.is_pea_eligible=true)
FR0010591362,SHC,Amundi CAC 40 Daily (-1x) Inverse UCITS ETF Acc,Amundi,CAC 40® Short,Synthétique,"0,40%",https://scanetf.com/screener (supabase etf_listing.is_pea_eligible=true)
FR0010592014,LVC,Amundi CAC 40 Daily (2x) Leveraged UCITS ETF Acc,Amundi,CAC 40® Leverage (2x),Synthétique,"0,40%",https://scanetf.com/screener (supabase etf_listing.is_pea_eligible=true)
FR0010655704,CF1,Amundi CAC Transition Climat UCITS ETF,Amundi,CAC Transition Climat,Physique,"0,25%",https://scanetf.com/screener (supabase etf_listing.is_pea_eligible=true)
FR0010655712,CG1,Amundi ETF DAX UCITS ETF DR,Amundi,DAX®,Physique,"0,10%",https://scanetf.com/screener (supabase etf_listing.is_pea_eligible=true)
FR0010655746,CS1,Amundi IBEX 35 UCITS ETF Acc,Amundi,IBEX 35,Physique,"0,30%",https://scanetf.com/screener (supabase etf_listing.is_pea_eligible=true)
FR0010717090,CD8,Amundi MSCI EMU High Dividend UCITS ETF UCITS ETF Acc,Amundi,MSCI EMU High Dividend Yield,Physique,"0,30%",https://scanetf.com/screener (supabase etf_listing.is_pea_eligible=true)
FR0010755611,CL2,Amundi MSCI USA Daily (2x) Leveraged UCITS ETF Acc,Amundi,MSCI USA Leveraged (2x),Synthétique,"0,50%",https://scanetf.com/screener (supabase etf_listing.is_pea_eligible=true)
FR0011440478,PLEM,Amundi PEA Emergent EMEA (MSCI Emerging EMEA) ESG Transition UCITS ETF Acc,Amundi,MSCI EM EMEA Ex-Egypt ESG Broad CTB Select,Synthétique,"0,55%",https://scanetf.com/screener (supabase etf_listing.is_pea_eligible=true)
FR0011550177,ESD,BNP Paribas Easy S&P 500 UCITS ETF USD (Acc),BNP Paribas Easy,S&P 500®,Synthétique,"0,14%",https://scanetf.com/screener (supabase etf_listing.is_pea_eligible=true)
FR0011550185,ESE,BNP Paribas Easy S&P 500 UCITS ETF EUR,BNP Paribas Easy,S&P 500®,Synthétique,"0,14%",https://scanetf.com/screener (supabase etf_listing.is_pea_eligible=true)
FR0011550193,ETZ,BNP Paribas Easy STOXX Europe 600 UCITS ETF,BNP Paribas Easy,STOXX® Europe 600,Synthétique,"0,19%",https://scanetf.com/screener (supabase etf_listing.is_pea_eligible=true)
FR0011550672,ETZD,BNP Paribas Easy STOXX Europe 600 UCITS ETF,BNP Paribas Easy,STOXX® Europe 600,Synthétique,"0,19%",https://scanetf.com/screener (supabase etf_listing.is_pea_eligible=true)
FR0011550680,ESEA,BNP Paribas Easy S&P 500 UCITS ETF,BNP Paribas Easy,S&P 500®,Synthétique,"0,14%",https://scanetf.com/screener (supabase etf_listing.is_pea_eligible=true)
FR0011869270,PDJE,Amundi PEA S&P US Industrials Screened UCITS ETF Acc,Amundi,S&P 500 Plus Industrials Enhanced Weighted & Screened,Synthétique,"0,50%",https://scanetf.com/screener (supabase etf_listing.is_pea_eligible=true)
FR0011869304,PMEH,Amundi PEA Immobilier Europe (FTSE EPRA/NAREIT) UCITS ETF Acc,Amundi,FTSE EPRA/NAREIT Developed Europe,Synthétique,"0,40%",https://scanetf.com/screener (supabase etf_listing.is_pea_eligible=true)
FR0011869312,PAEJ,Amundi PEA Asie Pacifique (MSCI AC Asia Pacific Ex Japan) UCITS ETF Acc,Amundi,MSCI AC Asia Pacific ex Japan,Synthétique,"0,60%",https://scanetf.com/screener (supabase etf_listing.is_pea_eligible=true)
FR0011869320,PINR,Amundi PEA Inde (MSCI India) UCITS ETF Acc,Amundi,MSCI India,Synthétique,"0,85%",https://scanetf.com/screener (supabase etf_listing.is_pea_eligible=true)
FR0011871078,PASI,Amundi PEA Chine (MSCI China) Screened UCITS ETF Acc,Amundi,MSCI China Screened Select ex Thermal Coal,Synthétique,"0,65%",https://scanetf.com/screener (supabase etf_listing.is_pea_eligible=true)
FR0011871110,PUST,Amundi PEA Nasdaq-100 UCITS ETF Acc,Amundi,Nasdaq 100®,Synthétique,"0,30%",https://scanetf.com/screener (supabase etf_listing.is_pea_eligible=true)
FR0011871128,PSP5,Amundi PEA S&P 500 UCITS ETF Acc,Amundi,S&P 500®,Synthétique,"0,12%",https://scanetf.com/screener (supabase etf_listing.is_pea_eligible=true)
FR0011871136,PSPH,Amundi PEA S&P 500 UCITS ETF EUR Hedged Acc,Amundi,S&P 500® (EUR Hedged),Synthétique,"0,12%",https://scanetf.com/screener (supabase etf_listing.is_pea_eligible=true)
FR0011882364,AWAT,Amundi PEA Eau (MSCI Water) UCITS ETF Capi,Amundi,MSCI ACWI IMI Water Custom,Synthétique,"0,60%",https://scanetf.com/screener (supabase etf_listing.is_pea_eligible=true)
FR0012399731,MSEC,Amundi EURO STOXX 50 II UCITS ETF CHF Hedged Acc,Amundi,EURO STOXX® 50 (CHF Hedged),Physique,"0,20%",https://scanetf.com/screener (supabase etf_listing.is_pea_eligible=true)
FR0012399772,NK4B,Amundi EURO STOXX 50 II UCITS ETF GBP Hedged Acc,Amundi,EURO STOXX® 50 (GBP Hedged),Physique,"0,20%",https://scanetf.com/screener (supabase etf_listing.is_pea_eligible=true)
FR0012399806,LYQ4,Amundi EURO STOXX 50 II UCITS ETF USD Hedged Acc,Amundi,EURO STOXX® 50 (USD Hedged),Physique,"0,20%",https://scanetf.com/screener (supabase etf_listing.is_pea_eligible=true)
FR0012739431,ETDD,BNP Paribas Easy EURO STOXX 50 UCITS ETF,BNP Paribas Easy,EURO STOXX® 50,Physique,"0,10%",https://scanetf.com/screener (supabase etf_listing.is_pea_eligible=true)
FR0012740983,ETBB,BNP Paribas Easy EURO STOXX 50 UCITS ETF,BNP Paribas Easy,EURO STOXX® 50,Physique,"0,10%",https://scanetf.com/screener (supabase etf_listing.is_pea_eligible=true)
FR0013041530,ESEH,BNP Paribas Easy S&P 500 UCITS ETF EUR Hedged,BNP Paribas Easy,S&P 500® (EUR Hedged),Synthétique,"0,14%",https://scanetf.com/screener (supabase etf_listing.is_pea_eligible=true)
FR0013346681,OBLI,Amundi PEA Euro Court Terme UCITS ETF Acc,Amundi,Solactive €STR Overnight,Synthétique,"0,25%",https://scanetf.com/screener (supabase etf_listing.is_pea_eligible=true)
FR0013380607,CACC,Amundi CAC 40 UCITS ETF Acc,Amundi,CAC 40®,Physique,"0,25%",https://scanetf.com/screener (supabase etf_listing.is_pea_eligible=true)
FR0013411980,PTPXE,Amundi PEA Japon (TOPIX) UCITS ETF EUR Acc,Amundi,TOPIX®,Synthétique,"0,20%",https://scanetf.com/screener (supabase etf_listing.is_pea_eligible=true)
FR0013411998,PTPXH,Amundi PEA Japan (TOPIX) UCITS ETF EUR Hedged,Amundi,TOPIX® (EUR Hedged),Synthétique,"0,48%",https://scanetf.com/screener (supabase etf_listing.is_pea_eligible=true)
FR0013412004,PALAT,Amundi PEA MSCI Emerging Latin America Selection UCITS ETF Acc,Amundi,MSCI Latin America Selection 20/35 Issuer Capped,Synthétique,"0,30%",https://scanetf.com/screener (supabase etf_listing.is_pea_eligible=true)
FR0013412012,PAASI,Amundi PEA Asie Emergente (MSCI Emerging Asia) Screened UCITS ETF EUR (C/D),Amundi,MSCI EM Asia Screened Select ex Thermal Coal,Synthétique,"0,30%",https://scanetf.com/screener (supabase etf_listing.is_pea_eligible=true)
FR0013412020,PAEEM,Amundi PEA Emergent (MSCI Emerging) ESG Transition UCITS ETF Acc,Amundi,MSCI EM ex-Egypt ESG Broad CTB Select,Synthétique,"0,30%",https://scanetf.com/screener (supabase etf_listing.is_pea_eligible=true)
FR0013412038,PCEU,Amundi PEA MSCI Europe UCITS ETF Acc,Amundi,MSCI Europe,Synthétique,"0,15%",https://scanetf.com/screener (supabase etf_listing.is_pea_eligible=true)
FR0013412269,PANX,Amundi PEA US Tech Screened UCITS ETF Acc,Amundi,Solactive ISS ESG US Tech 100,Synthétique,"0,30%",https://scanetf.com/screener (supabase etf_listing.is_pea_eligible=true)
FR0013412285,PE500,Amundi PEA S&P 500 Screened UCITS ETF Acc,Amundi,S&P 500 Scored & Screened+,Synthétique,"0,25%",https://scanetf.com/screener (supabase etf_listing.is_pea_eligible=true)
FR0013412293,P500H,Amundi PEA S&P 500 Screened UCITS ETF EUR Hedged Acc,Amundi,S&P 500 Scored & Screened+ (EUR Hedged),Synthétique,"0,28%",https://scanetf.com/screener (supabase etf_listing.is_pea_eligible=true)
FR0014002H76,MIBA,Amundi FTSE MIB UCITS ETF Acc,Amundi,FTSE MIB,Physique,"0,35%",https://scanetf.com/screener (supabase etf_listing.is_pea_eligible=true)
FR001400S9V0,MLUX,Amundi PEA Luxe Monde UCITS ETF Acc,Amundi,S&P Global Luxury,Synthétique,"0,30%",https://scanetf.com/screener (supabase etf_listing.is_pea_eligible=true)
FR001400U5Q4,DCAM,Amundi PEA Monde (MSCI World) UCITS ETF Acc,Amundi,MSCI World,Synthétique,"0,20%",https://scanetf.com/screener (supabase etf_listing.is_pea_eligible=true)
FR001400ZGO4,PEMS,Amundi PEA Emergent (MSCI Emerging) ESG Transition UCITS ETF S - Acc,Amundi,MSCI EM ex-Egypt ESG Broad CTB Select,Synthétique,"0,30%",https://scanetf.com/screener (supabase etf_listing.is_pea_eligible=true)
FR001400ZGP1,MSES,Amundi EURO STOXX 50 II UCITS ETF S Acc,Amundi,EURO STOXX® 50,Physique,"0,20%",https://scanetf.com/screener (supabase etf_listing.is_pea_eligible=true)
FR001400ZGR7,PNAS,Amundi PEA Nasdaq-100 UCITS ETF UCITS ETF S Acc,Amundi,Nasdaq 100®,Synthétique,"0,30%",https://scanetf.com/screener (supabase etf_listing.is_pea_eligible=true)
FR0014017NX3,GPEA,Amundi PEA Global (MSCI ACWI) UCITS ETF Acc,Amundi,MSCI AC World Index Daily Net TR EUR,Indirecte (Unfunded swap),"0,30%",https://scanetf.com/screener (supabase etf_listing.is_pea_eligible=true)
IE0002XZSHO1,WPEA,iShares MSCI World Swap PEA UCITS ETF EUR (Acc),iShares,MSCI World,Synthétique,"0,20%",https://scanetf.com/screener (supabase etf_listing.is_pea_eligible=true)
IE0008471009,EUN2,iShares Core EURO STOXX 50 UCITS ETF EUR (Dist),iShares,EURO STOXX® 50,Physique,"0,10%",https://scanetf.com/screener (supabase etf_listing.is_pea_eligible=true)
IE000DQLYVB9,SPEA,iShares S&P 500 Swap PEA UCITS ETF EUR (Acc),iShares,S&P 500®,Synthétique,"0,10%",https://scanetf.com/screener (supabase etf_listing.is_pea_eligible=true)
IE000FOSCLU1,5IF0,iShares MSCI EMU Paris-Aligned Climate UCITS ETF EUR (Dist),iShares,MSCI EMU Climate Paris Aligned Benchmark Select,Physique,"0,15%",https://scanetf.com/screener (supabase etf_listing.is_pea_eligible=true)
IE000MWUQBJ0,H4ZZ,HSBC Euro Stoxx 50 UCITS ETF EUR (Acc),HSBC,EURO STOXX® 50,Physique,"0,05%",https://scanetf.com/screener (supabase etf_listing.is_pea_eligible=true)
IE00B4K6B022,50E,HSBC EURO STOXX 50 UCITS ETF EUR,HSBC,EURO STOXX® 50,Physique,"0,05%",https://scanetf.com/screener (supabase etf_listing.is_pea_eligible=true)
IE00B53L3W79,SXRT,iShares Core EURO STOXX 50 UCITS ETF EUR (Acc),iShares,EURO STOXX® 50,Physique,"0,10%",https://scanetf.com/screener (supabase etf_listing.is_pea_eligible=true)
IE00B53QG562,SXR7,iShares Core MSCI EMU UCITS ETF EUR (Acc),iShares,MSCI EMU,Physique,"0,12%",https://scanetf.com/screener (supabase etf_listing.is_pea_eligible=true)
IE00B5M1WJ87,EUDV,State Street SPDR S&P Euro Dividend Aristocrats UCITS ETF EUR,SPDR,S&P Euro High Yield Dividend Aristocrats,Physique,"0,30%",https://scanetf.com/screener (supabase etf_listing.is_pea_eligible=true)
IE00B910VR50,ZPRE,State Street SPDR MSCI EMU UCITS ETF EUR,SPDR,MSCI EMU,Physique,"0,08%",https://scanetf.com/screener (supabase etf_listing.is_pea_eligible=true)
IE00B9MRJJ36,XDGM,Xtrackers MDAX ESG Screened UCITS ETF 1D,Xtrackers,MDAX® ESG Screened,Physique,"0,40%",https://scanetf.com/screener (supabase etf_listing.is_pea_eligible=true)
IE00BDF16007,EEIP,WisdomTree Europe Equity Income UCITS ETF Acc,WisdomTree,WisdomTree Europe Equity Income,Physique,"0,29%",https://scanetf.com/screener (supabase etf_listing.is_pea_eligible=true)
IE00BF2FL590,FEUD,First Trust Eurozone AlphaDEX UCITS ETF B Dist,Other,Nasdaq AlphaDEX® Eurozone,Physique,"0,65%",https://scanetf.com/screener (supabase etf_listing.is_pea_eligible=true)
IE00BFNM3B99,SLMA,iShares MSCI EMU Screened UCITS ETF EUR (Acc),iShares,MSCI EMU Screened,Échantillonnageoptimisé,"0,12%",https://scanetf.com/screener (supabase etf_listing.is_pea_eligible=true)
IE00BFNM3C07,SLMB,iShares MSCI EMU Screened UCITS ETF EUR (Dist),iShares,MSCI EMU Screened,Échantillonnageoptimisé,"0,12%",https://scanetf.com/screener (supabase etf_listing.is_pea_eligible=true)
IE00BFTWP510,ZPRL,State Street SPDR EURO STOXX Low Volatility UCITS ETF EUR,SPDR,EURO STOXX® Low Risk Weighted 100,Physique,"0,30%",https://scanetf.com/screener (supabase etf_listing.is_pea_eligible=true)
IE00BG143G97,VGER,Vanguard Germany All Cap UCITS ETF (EUR) Distributing,Vanguard,FTSE Germany All Cap,Physique,"0,07%",https://scanetf.com/screener (supabase etf_listing.is_pea_eligible=true)
IE00BHZPHZ28,EMNE,iShares MSCI EMU ESG Enhanced CTB UCITS ETF EUR (Dist),iShares,MSCI EMU ESG Enhanced Focus CTB,Échantillonnageoptimisé,"0,12%",https://scanetf.com/screener (supabase etf_listing.is_pea_eligible=true)
IE00BHZPJ015,EDM4,iShares MSCI EMU ESG Enhanced CTB UCITS ETF EUR (Acc),iShares,MSCI EMU ESG Enhanced Focus CTB,Échantillonnageoptimisé,"0,12%",https://scanetf.com/screener (supabase etf_listing.is_pea_eligible=true)
IE00BJLKK341,AYE4,iShares MSCI EMU SRI UCITS ETF EUR (Acc),iShares,MSCI EMU SRI Select Reduced Fossil Fuels,Physique,"0,20%",https://scanetf.com/screener (supabase etf_listing.is_pea_eligible=true)
IE00BK5BQY34,VERE,Vanguard FTSE Developed Europe ex UK UCITS ETF (EUR) Accumulating,Vanguard,FTSE Developed Europe ex UK,Physique,"0,10%",https://scanetf.com/screener (supabase etf_listing.is_pea_eligible=true)
IE00BKBF6616,SNAY,iShares Core MSCI EMU UCITS ETF USD Hedged (Acc),iShares,MSCI EMU (USD Hedged),Physique,"0,15%",https://scanetf.com/screener (supabase etf_listing.is_pea_eligible=true)
IE00BKX55S42,VERX,Vanguard FTSE Developed Europe ex UK UCITS ETF (EUR) Distributing,Vanguard,FTSE Developed Europe ex UK,Physique,"0,10%",https://scanetf.com/screener (supabase etf_listing.is_pea_eligible=true)
IE00BL6K8D99,CBUB,iShares MSCI EMU Paris-Aligned Climate UCITS ETF EUR (Acc),iShares,MSCI EMU Climate Paris Aligned Benchmark Select,Physique,"0,15%",https://scanetf.com/screener (supabase etf_listing.is_pea_eligible=true)
IE00BMW42413,ESIT,iShares MSCI Europe Information Technology Sector UCITS ETF EUR (Acc),iShares,MSCI Europe Information Technology 20/35 Capped,Physique,"0,18%",https://scanetf.com/screener (supabase etf_listing.is_pea_eligible=true)
IE00BN4Q1675,AW12,UBS MSCI EM Climate Paris Aligned UCITS ETF USD acc,UBS,MSCI Emerging Markets Climate Paris Aligned,Échantillonnageoptimisé,"0,16%",https://scanetf.com/screener (supabase etf_listing.is_pea_eligible=true)
IE00BNC1G699,XZEZ,Xtrackers MSCI EMU ESG UCITS ETF 1C,Xtrackers,MSCI EMU Low Carbon SRI Selection,Physique,"0,20%",https://scanetf.com/screener (supabase etf_listing.is_pea_eligible=true)
IE00BP3QZJ36,IS3U,iShares MSCI France UCITS ETF,iShares,MSCI France,Physique,"0,25%",https://scanetf.com/screener (supabase etf_listing.is_pea_eligible=true)
IE00BQZJBX31,EEI,WisdomTree Europe Equity Income UCITS ETF,WisdomTree,WisdomTree Europe Equity Income,Physique,"0,29%",https://scanetf.com/screener (supabase etf_listing.is_pea_eligible=true)
IE00BZ56SY76,WTIQ,WisdomTree Eurozone Quality Dividend Growth UCITS ETF EUR Dist,WisdomTree,WisdomTree Eurozone Quality Dividend Growth,Physique,"0,29%",https://scanetf.com/screener (supabase etf_listing.is_pea_eligible=true)
IE00BZ56TQ67,EGRA,WisdomTree Eurozone Quality Dividend Growth UCITS ETF EUR Acc,WisdomTree,WisdomTree Eurozone Quality Dividend Growth,Physique,"0,29%",https://scanetf.com/screener (supabase etf_listing.is_pea_eligible=true)
LU0136234068,UIM1,UBS Core EURO STOXX 50 UCITS ETF EUR dis,UBS,EURO STOXX® 50,Physique,"0,06%",https://scanetf.com/screener (supabase etf_listing.is_pea_eligible=true)
LU0252633754,DAX,Amundi DAX II UCITS ETF Acc,Amundi,DAX®,Physique,"0,15%",https://scanetf.com/screener (supabase etf_listing.is_pea_eligible=true)
LU0252634307,LVD,Amundi LevDax Daily (2x) leveraged UCITS ETF Acc,Amundi,LevDAX® (2x),Synthétique,"0,35%",https://scanetf.com/screener (supabase etf_listing.is_pea_eligible=true)
LU0274211217,XESX,Xtrackers EURO STOXX 50 UCITS ETF 1D,Xtrackers,EURO STOXX® 50,Physique,"0,09%",https://scanetf.com/screener (supabase etf_listing.is_pea_eligible=true)
LU0274211480,DBXD,Xtrackers DAX UCITS ETF 1C,Xtrackers,DAX®,Physique,"0,09%",https://scanetf.com/screener (supabase etf_listing.is_pea_eligible=true)
LU0292095535,DXSA,Xtrackers Euro Stoxx Quality Dividend UCITS ETF 1D,Xtrackers,EURO STOXX® Quality Dividend 50,Physique,"0,30%",https://scanetf.com/screener (supabase etf_listing.is_pea_eligible=true)
LU0322250985,DX2G,Xtrackers CAC 40 UCITS ETF 1D,Xtrackers,CAC 40®,Physique,"0,20%",https://scanetf.com/screener (supabase etf_listing.is_pea_eligible=true)
LU0380865021,XESC,Xtrackers EURO STOXX 50 UCITS ETF 1C,Xtrackers,EURO STOXX® 50,Physique,"0,09%",https://scanetf.com/screener (supabase etf_listing.is_pea_eligible=true)
LU0599612842,OSX4,Ossiam Europe ESG Machine Learning UCITS ETF 1C (EUR),Other,Ossiam Europe ESG Machine Learning,Physique,"0,65%",https://scanetf.com/screener (supabase etf_listing.is_pea_eligible=true)
LU0629460675,UIMR,UBS MSCI EMU Socially Responsible UCITS ETF EUR dis,UBS,MSCI EMU SRI Low Carbon Select 5% Issuer Capped,Physique,"0,20%",https://scanetf.com/screener (supabase etf_listing.is_pea_eligible=true)
LU0838782315,XDDX,Xtrackers DAX ESG Screened UCITS ETF 1D,Xtrackers,DAX® ESG Screened,Physique,"0,09%",https://scanetf.com/screener (supabase etf_listing.is_pea_eligible=true)
LU0846194776,XD5E,Xtrackers MSCI EMU UCITS ETF 1D,Xtrackers,MSCI EMU,Physique,"0,09%",https://scanetf.com/screener (supabase etf_listing.is_pea_eligible=true)
LU0908501058,MFED,Amundi MSCI EMU ESG Broad Transition UCITS ETF Acc,Amundi,MSCI EMU ESG Broad CTB Select,Physique,"0,12%",https://scanetf.com/screener (supabase etf_listing.is_pea_eligible=true)
LU0908501132,MFDD,Amundi MSCI EMU ESG Broad Transition UCITS ETF Dist,Amundi,MSCI EMU ESG Broad CTB Select,Physique,"0,12%",https://scanetf.com/screener (supabase etf_listing.is_pea_eligible=true)
LU0950674761,EMUSRI,UBS MSCI EMU Socially Responsible UCITS ETF EUR acc,UBS,MSCI EMU SRI Low Carbon Select 5% Issuer Capped,Physique,"0,20%",https://scanetf.com/screener (supabase etf_listing.is_pea_eligible=true)
LU1127514245,XD5D,Xtrackers MSCI EMU UCITS ETF 1C - USD Hedged,Xtrackers,MSCI EMU (USD Hedged),Physique,"0,17%",https://scanetf.com/screener (supabase etf_listing.is_pea_eligible=true)
LU1215828218,XDUE,Xtrackers MSCI EMU UCITS ETF 3C CHF hedged,Xtrackers,MSCI EMU (CHF Hedged),Physique,"0,17%",https://scanetf.com/screener (supabase etf_listing.is_pea_eligible=true)
LU1221100792,XDUD,Xtrackers DAX ESG Screened UCITS ETF 2C USD Hedged,Xtrackers,DAX® ESG Screened (USD Hedged),Physique,"0,19%",https://scanetf.com/screener (supabase etf_listing.is_pea_eligible=true)
LU1221102491,XDCH,Xtrackers DAX ESG Screened UCITS ETF 4C CHF Hedged,Xtrackers,DAX® ESG Screened (CHF Hedged),Physique,"0,19%",https://scanetf.com/screener (supabase etf_listing.is_pea_eligible=true)
LU1273642816,EUSRS,UBS MSCI EMU Socially Responsible UCITS ETF hCHF acc,UBS,MSCI EMU SRI Low Carbon Select 5% Issuer Capped (CHF Hedged),Physique,"0,23%",https://scanetf.com/screener (supabase etf_listing.is_pea_eligible=true)
LU1273642907,EUSRT,UBS MSCI EMU Socially Responsible UCITS ETF hCHF dis,UBS,MSCI EMU SRI Low Carbon Select 5% Issuer Capped (CHF Hedged),Physique,"0,23%",https://scanetf.com/screener (supabase etf_listing.is_pea_eligible=true)
LU1280300770,EUSRU,UBS MSCI EMU Socially Responsible UCITS ETF hUSD acc,UBS,MSCI EMU SRI Low Carbon Select 5% Issuer Capped (USD Hedged),Physique,"0,23%",https://scanetf.com/screener (supabase etf_listing.is_pea_eligible=true)
LU1280300853,EUSR,UBS MSCI EMU Socially Responsible UCITS ETF hGBP dis,UBS,MSCI EMU SRI Low Carbon Select 5% Issuer Capped (GBP Hedged),Physique,"0,23%",https://scanetf.com/screener (supabase etf_listing.is_pea_eligible=true)
LU1291098827,EEMU,BNP Paribas Easy MSCI EMU Min TE UCITS ETF,BNP Paribas Easy,MSCI EMU Select Filtered Min TE,Physique,"0,15%",https://scanetf.com/screener (supabase etf_listing.is_pea_eligible=true)
LU1327051279,DSP5,Amundi MSCI USA Daily (-1x) Inverse UCITS ETF Acc,Amundi,MSCI USA Short,Synthétique,"0,60%",https://scanetf.com/screener (supabase etf_listing.is_pea_eligible=true)
LU1349386927,XDDA,Xtrackers DAX UCITS ETF 1D,Xtrackers,DAX®,Physique,"0,09%",https://scanetf.com/screener (supabase etf_listing.is_pea_eligible=true)
LU1377381717,EVOE,BNP Paribas Easy Low Volatility Europe UCITS ETF,BNP Paribas Easy,BNP Paribas Low Vol Europe,Synthétique,"0,31%",https://scanetf.com/screener (supabase etf_listing.is_pea_eligible=true)
LU1377382103,EQUA,BNP Paribas Easy Quality Europe UCITS ETF,BNP Paribas Easy,BNP Paribas Quality Europe,Synthétique,"0,31%",https://scanetf.com/screener (supabase etf_listing.is_pea_eligible=true)
LU1377382285,EVAE,BNP Paribas Easy Value Europe UCITS ETF,BNP Paribas Easy,BNP Paribas Value Europe,Synthétique,"0,31%",https://scanetf.com/screener (supabase etf_listing.is_pea_eligible=true)
LU1481201025,VLED,BNP Paribas Easy Low Volatility Europe UCITS ETF,BNP Paribas Easy,BNP Paribas Low Vol Europe,Synthétique,"0,31%",https://scanetf.com/screener (supabase etf_listing.is_pea_eligible=true)
LU1481201611,QUED,BNP Paribas Easy Quality Europe UCITS ETF,BNP Paribas Easy,BNP Paribas Quality Europe,Synthétique,"0,31%",https://scanetf.com/screener (supabase etf_listing.is_pea_eligible=true)
LU1481201702,VALD,BNP Paribas Easy Value Europe UCITS ETF,BNP Paribas Easy,BNP Paribas Value Europe,Synthétique,"0,31%",https://scanetf.com/screener (supabase etf_listing.is_pea_eligible=true)
LU1598690169,VAL,Amundi MSCI EMU Value Factor UCITS ETF Dist,Amundi,MSCI EMU Value,Physique,"0,40%",https://scanetf.com/screener (supabase etf_listing.is_pea_eligible=true)
LU1602144575,CMU,Amundi MSCI EMU ESG Selection UCITS ETF DR - EUR (C),Amundi,MSCI EMU ESG Selection P-Series 5% Issuer Capped,Physique,"0,25%",https://scanetf.com/screener (supabase etf_listing.is_pea_eligible=true)
LU1615090864,EDEU,BNP Paribas Easy Dividend Europe UCITS ETF,BNP Paribas Easy,BNP Paribas High Dividend Europe,Synthétique,"0,31%",https://scanetf.com/screener (supabase etf_listing.is_pea_eligible=true)
LU1681037518,FMI,Amundi Italy MIB ESG UCITS ETF,Amundi,MIB ESG,Physique,"0,18%",https://scanetf.com/screener (supabase etf_listing.is_pea_eligible=true)
LU1681038672,RS2K,Amundi Russell 2000 UCITS ETF EUR (C),Amundi,Russell 2000®,Synthétique,"0,35%",https://scanetf.com/screener (supabase etf_listing.is_pea_eligible=true)
LU1681038839,18MR,Amundi Russell 2000 UCITS ETF USD,Amundi,Russell 2000®,Synthétique,"0,35%",https://scanetf.com/screener (supabase etf_listing.is_pea_eligible=true)
LU1681042864,CU2,Amundi PEA MSCI USA ESG Selection UCITS ETF - EUR,Amundi,MSCI USA ESG Selection P-Series 5% Issuer Capped,Synthétique,"0,35%",https://scanetf.com/screener (supabase etf_listing.is_pea_eligible=true)
LU1681042948,XAMX,Amundi PEA MSCI USA ESG Selection UCITS ETF - USD,Amundi,MSCI USA ESG Selection P-Series 5% Issuer Capped,Physique,"0,35%",https://scanetf.com/screener (supabase etf_listing.is_pea_eligible=true)
LU1681043599,CW8,Amundi MSCI World Swap UCITS ETF EUR Acc,Amundi,MSCI World,Synthétique,"0,38%",https://scanetf.com/screener (supabase etf_listing.is_pea_eligible=true)
LU1681043672,XAMZ,Amundi MSCI World Swap UCITS ETF USD Acc,Amundi,MSCI World,Synthétique,"0,38%",https://scanetf.com/screener (supabase etf_listing.is_pea_eligible=true)
LU1681046931,C40,Amundi CAC 40 ESG UCITS ETF DR - EUR (C),Amundi,CAC 40® ESG,Physique,"0,25%",https://scanetf.com/screener (supabase etf_listing.is_pea_eligible=true)
LU1681047079,C4D,Amundi CAC 40 ESG UCITS ETF DR - EUR (D),Amundi,CAC 40® ESG,Physique,"0,25%",https://scanetf.com/screener (supabase etf_listing.is_pea_eligible=true)
LU1681047236,C50,Amundi Core EURO STOXX 50 UCITS ETF EUR Acc,Amundi,EURO STOXX® 50,Physique,"0,09%",https://scanetf.com/screener (supabase etf_listing.is_pea_eligible=true)
LU1681047319,CD5,Amundi Core EURO STOXX 50 UCITS ETF EUR Dist,Amundi,EURO STOXX® 50,Physique,"0,09%",https://scanetf.com/screener (supabase etf_listing.is_pea_eligible=true)
LU1681047400,X13U,Amundi Core EURO STOXX 50 UCITS ETF USD Acc,Amundi,EURO STOXX® 50,Physique,"0,09%",https://scanetf.com/screener (supabase etf_listing.is_pea_eligible=true)
LU1812092168,SEL,Amundi Stoxx Europe Select Dividend 30 UCITS ETF Dist,Amundi,STOXX® Europe Select Dividend 30,Synthétique,"0,30%",https://scanetf.com/screener (supabase etf_listing.is_pea_eligible=true)
LU1829219390,BNKE,Amundi Euro Stoxx Banks UCITS ETF Acc,Amundi,,Physique,"0,30%",https://scanetf.com/screener (supabase etf_listing.is_pea_eligible=true)
LU1834983477,BNK,Amundi STOXX Europe 600 Banks UCITS ETF Acc,Amundi,STOXX® Europe 600 Banks,Synthétique,"0,30%",https://scanetf.com/screener (supabase etf_listing.is_pea_eligible=true)
LU1834983550,BRES,Amundi STOXX Europe 600 Basic Resources UCITS ETF Acc,Amundi,STOXX® Europe 600 Basic Resources,Synthétique,"0,30%",https://scanetf.com/screener (supabase etf_listing.is_pea_eligible=true)
LU1834983634,CHM,Amundi STOXX Europe 600 Basic Materials UCITS ETF Acc,Amundi,STOXX® Europe 600 Industry Basic Materials 30-15,Synthétique,"0,30%",https://scanetf.com/screener (supabase etf_listing.is_pea_eligible=true)
LU1834985845,FOO,Amundi STOXX Europe 600 Consumer Staples UCITS ETF Acc,Amundi,STOXX® Europe 600 Industry Consumer Staples 30-15,Synthétique,"0,30%",https://scanetf.com/screener (supabase etf_listing.is_pea_eligible=true)
LU1834986900,HLT,Amundi STOXX Europe 600 Healthcare UCITS ETF Acc,Amundi,STOXX® Europe 600 Health Care,Synthétique,"0,30%",https://scanetf.com/screener (supabase etf_listing.is_pea_eligible=true)
LU1834987890,IND,Amundi STOXX Europe 600 Industrials UCITS ETF Acc,Amundi,STOXX® Europe 600 Industry Industrials 30-15,Synthétique,"0,30%",https://scanetf.com/screener (supabase etf_listing.is_pea_eligible=true)
LU1834987973,INS,Amundi STOXX Europe 600 Insurance UCITS ETF Acc,Amundi,STOXX® Europe 600 Insurance,Synthétique,"0,30%",https://scanetf.com/screener (supabase etf_listing.is_pea_eligible=true)
LU1834988518,TNO,Amundi STOXX Europe 600 Technology UCITS ETF Acc,Amundi,STOXX® Europe 600 Technology,Synthétique,"0,30%",https://scanetf.com/screener (supabase etf_listing.is_pea_eligible=true)
LU1834988609,TELE,Amundi STOXX Europe 600 Telecommunications UCITS ETF Acc,Amundi,STOXX® Europe 600 Telecommunications,Synthétique,"0,30%",https://scanetf.com/screener (supabase etf_listing.is_pea_eligible=true)
LU1834988781,TRV,Amundi STOXX Europe 600 Consumer Discretionary UCITS ETF Acc,Amundi,STOXX® Europe 600 Industry Consumer Discretionary 30-15,Synthétique,"0,30%",https://scanetf.com/screener (supabase etf_listing.is_pea_eligible=true)
LU1834988864,UTI,Amundi STOXX Europe 600 Utilities UCITS ETF Acc,Amundi,,Synthétique,"0,30%",https://scanetf.com/screener (supabase etf_listing.is_pea_eligible=true)
LU1931974429,PR1Z,Amundi Prime Eurozone UCITS ETF DR (D),Amundi,Solactive GBS Developed Markets Eurozone Large & Mid Cap,Physique,"0,05%",https://scanetf.com/screener (supabase etf_listing.is_pea_eligible=true)
LU1953137681,MUSRI,BNP Paribas Easy MSCI EMU SRI S-Series PAB 5% Capped UCITS ETF,BNP Paribas Easy,MSCI EMU SRI S-Series PAB 5% Capped,Physique,"0,25%",https://scanetf.com/screener (supabase etf_listing.is_pea_eligible=true)
LU1971906802,UET5,UBS EURO STOXX 50 ESG UCITS ETF EUR dis,UBS,EURO STOXX® 50 ESG,Physique,"0,10%",https://scanetf.com/screener (supabase etf_listing.is_pea_eligible=true)
LU2082996385,E6BR,Amundi STOXX Europe 600 Basic Resources UCITS ETF Dist,Amundi,STOXX® Europe 600 Basic Resources,Synthétique,"0,30%",https://scanetf.com/screener (supabase etf_listing.is_pea_eligible=true)
LU2082996542,LYX4,Amundi STOXX Europe 600 Basic Materials UCITS ETF Dist,Amundi,STOXX® Europe 600 Industry Basic Materials 30-15,Synthétique,"0,30%",https://scanetf.com/screener (supabase etf_listing.is_pea_eligible=true)
LU2082997359,DFOP,Amundi STOXX Europe 600 Consumer Staples UCITS ETF Dist,Amundi,STOXX® Europe 600 Industry Consumer Staples 30-15,Synthétique,"0,30%",https://scanetf.com/screener (supabase etf_listing.is_pea_eligible=true)
LU2082997516,EHLT,Amundi STOXX Europe 600 Healthcare UCITS ETF Dist,Amundi,STOXX® Europe 600 Health Care,Synthétique,"0,30%",https://scanetf.com/screener (supabase etf_listing.is_pea_eligible=true)
LU2082997789,INDU,Amundi STOXX Europe 600 Industrials UCITS ETF Dist,Amundi,STOXX® Europe 600 Industry Industrials 30-15,Synthétique,"0,30%",https://scanetf.com/screener (supabase etf_listing.is_pea_eligible=true)
LU2082997946,EGV1,Amundi STOXX Europe 600 Insurance UCITS ETF Dist,Amundi,STOXX® Europe 600 Insurance,Synthétique,"0,30%",https://scanetf.com/screener (supabase etf_listing.is_pea_eligible=true)
LU2082998837,CSTA,Amundi STOXX Europe 600 Technology UCITS ETF Dist,Amundi,STOXX® Europe 600 Technology,Synthétique,"0,30%",https://scanetf.com/screener (supabase etf_listing.is_pea_eligible=true)
LU2082999058,INDB,Amundi STOXX Europe 600 Telecommunications UCITS ETF Dist,Amundi,STOXX® Europe 600 Telecommunications,Synthétique,"0,30%",https://scanetf.com/screener (supabase etf_listing.is_pea_eligible=true)
LU2082999132,6TVL,Amundi STOXX Europe 600 Consumer Discretionary UCITS ETF Dist,Amundi,STOXX® Europe 600 Industry Consumer Discretionary 30-15,Synthétique,"0,30%",https://scanetf.com/screener (supabase etf_listing.is_pea_eligible=true)
LU2082999215,LUTL,Amundi STOXX Europe 600 Utilities UCITS ETF Dist,Amundi,STOXX® Europe 600 Utilities,Synthétique,"0,30%",https://scanetf.com/screener (supabase etf_listing.is_pea_eligible=true)
LU2089238112,PRAZ,Amundi Prime Eurozone UCITS ETF DR (C),Amundi,Solactive GBS Developed Markets Eurozone Large & Mid Cap,Physique,"0,05%",https://scanetf.com/screener (supabase etf_listing.is_pea_eligible=true)
LU2090062436,LDAX,Amundi DAX II UCITS ETF Dist,Amundi,DAX®,Physique,"0,15%",https://scanetf.com/screener (supabase etf_listing.is_pea_eligible=true)
LU2090062600,LVDX,Amundi LevDax Daily (2x) leveraged UCITS ETF Dist,Amundi,LevDAX® (2x),Synthétique,"0,35%",https://scanetf.com/screener (supabase etf_listing.is_pea_eligible=true)
LU2109787635,EESG,Amundi MSCI EMU SRI Climate Paris Aligned UCITS ETF DR (C),Amundi,MSCI EMU SRI Filtered PAB,Physique,"0,18%",https://scanetf.com/screener (supabase etf_listing.is_pea_eligible=true)
LU2182388582,PABZ,Amundi MSCI EMU Climate Paris Aligned UCITS ETF Acc,Amundi,MSCI EMU Climate Paris Aligned Filtered,Physique,"0,15%",https://scanetf.com/screener (supabase etf_listing.is_pea_eligible=true)
LU2195226068,EPAB,Amundi S&P Eurozone Climate Paris Aligned UCITS ETF Acc,Amundi,S&P Eurozone LargeMidCap Net Zero 2050 Paris-Aligned ESG,Physique,"0,20%",https://scanetf.com/screener (supabase etf_listing.is_pea_eligible=true)
LU2244387887,EGRO,BNP Paribas Easy Growth Europe UCITS ETF Acc,BNP Paribas Easy,BNP Paribas Growth Europe,Synthétique,"0,31%",https://scanetf.com/screener (supabase etf_listing.is_pea_eligible=true)
LU2446381555,BIODV,BNP Paribas Easy ESG Eurozone Biodiversity Leaders PAB UCITS ETF,BNP Paribas Easy,Euronext ESG Eurozone Biodiversity Leaders PAB,Physique,"0,35%",https://scanetf.com/screener (supabase etf_listing.is_pea_eligible=true)
LU2655993207,EWLD,Amundi MSCI World Swap UCITS ETF EUR Dist,Amundi,MSCI World,Synthétique,"0,38%",https://scanetf.com/screener (supabase etf_listing.is_pea_eligible=true)
LU3047998896,GUARD,BNP Paribas Easy Bloomberg Europe Defense UCITS ETF Acc,BNP Paribas Easy,Bloomberg Europe Defense Select,Physique,"0,35%",https://scanetf.com/screener (supabase etf_listing.is_pea_eligible=true)
LU3180074463,INDEP,Amundi European Strategic Autonomy UCITS ETF Acc,Amundi,Euronext European Strategic Autonomy,Physique,"0,40%",https://scanetf.com/screener (supabase etf_listing.is_pea_eligible=true)
FR0011440478,,,,,,,https://sinvestir.fr/les-meilleurs-etf-pea/
FR0011550185,,Code ISIN,,,,,https://sinvestir.fr/les-meilleurs-etf-pea/
FR0011550193,,Code ISIN,,,,,https://sinvestir.fr/les-meilleurs-etf-pea/
FR0011869320,,,,,,,https://sinvestir.fr/les-meilleurs-etf-pea/
FR0011871110,,Code ISIN,,,,,https://sinvestir.fr/les-meilleurs-etf-pea/
FR0011882364,,,,,,,https://sinvestir.fr/les-meilleurs-etf-pea/
FR0013346681,,Code ISIN,,,,,https://sinvestir.fr/les-meilleurs-etf-pea/
FR0013380607,,Code ISIN,,,,,https://sinvestir.fr/les-meilleurs-etf-pea/
FR0013412038,,Code ISIN,,,,,https://sinvestir.fr/les-meilleurs-etf-pea/
FR0014017NX3,,,,,,,https://sinvestir.fr/les-meilleurs-etf-pea/
LU0908501058,,Code ISIN,,,,,https://sinvestir.fr/les-meilleurs-etf-pea/
LU1681038839,,,,,,,https://sinvestir.fr/les-meilleurs-etf-pea/
LU1681043599,,IE000ZXSHO1,,,,,https://sinvestir.fr/les-meilleurs-etf-pea/
FR0007052782,,Amundi CAC 40 ETF Dist,,,,,https://www.boursorama.com/bourse/trackers/recherche/autres/?beginnerEtfSearch%5BisEtf%5D=1&beginnerEtfSearch%5Btaxation%5D=1
FR0007054358,,Amundi Euro Stoxx 50 II UCITS ETF Acc,,,,,https://www.boursorama.com/bourse/trackers/recherche/autres/?beginnerEtfSearch%5BisEtf%5D=1&beginnerEtfSearch%5Btaxation%5D=1
FR0010010827,,Amundi FTSE MIB ETF Dist,,,,,https://www.boursorama.com/bourse/trackers/recherche/autres/?beginnerEtfSearch%5BisEtf%5D=1&beginnerEtfSearch%5Btaxation%5D=1
FR0010150458,,BNP Paribas Easy CAC 40(r) ESG ETF,,,,,https://www.boursorama.com/bourse/trackers/recherche/autres/?beginnerEtfSearch%5BisEtf%5D=1&beginnerEtfSearch%5Btaxation%5D=1
FR0010405431,,Amundi MSCI Greece ETF Dist,,,,,https://www.boursorama.com/bourse/trackers/recherche/autres/?beginnerEtfSearch%5BisEtf%5D=1&beginnerEtfSearch%5Btaxation%5D=1
FR0010655704,,Amundi CAC Transition Climat UCITS ETF,,,,,https://www.boursorama.com/bourse/trackers/recherche/autres/?beginnerEtfSearch%5BisEtf%5D=1&beginnerEtfSearch%5Btaxation%5D=1
FR0010655712,,Amundi ETF DAX DR,,,,,https://www.boursorama.com/bourse/trackers/recherche/autres/?beginnerEtfSearch%5BisEtf%5D=1&beginnerEtfSearch%5Btaxation%5D=1
FR0010655746,,Amundi Ibex 35 ETF Acc,,,,,https://www.boursorama.com/bourse/trackers/recherche/autres/?beginnerEtfSearch%5BisEtf%5D=1&beginnerEtfSearch%5Btaxation%5D=1
FR0010717090,,Amundi MSCI EMU High Dividend ETF Acc,,,,,https://www.boursorama.com/bourse/trackers/recherche/autres/?beginnerEtfSearch%5BisEtf%5D=1&beginnerEtfSearch%5Btaxation%5D=1
FR0011440478,,Amundi PEA Emerg EMEA MSCI ESG Trans ETF,,,,,https://www.boursorama.com/bourse/trackers/recherche/autres/?beginnerEtfSearch%5BisEtf%5D=1&beginnerEtfSearch%5Btaxation%5D=1
FR0011550185,,BNPP Easy S&P 500 ETF EUR C,,,,,https://www.boursorama.com/bourse/trackers/recherche/autres/?beginnerEtfSearch%5BisEtf%5D=1&beginnerEtfSearch%5Btaxation%5D=1
FR0011550193,,BNPP Easy Stoxx Europe 600 ETF EUR C,,,,,https://www.boursorama.com/bourse/trackers/recherche/autres/?beginnerEtfSearch%5BisEtf%5D=1&beginnerEtfSearch%5Btaxation%5D=1
FR0011550672,,BNPP Easy Stoxx Europe 600 ETF EUR C/D,,,,,https://www.boursorama.com/bourse/trackers/recherche/autres/?beginnerEtfSearch%5BisEtf%5D=1&beginnerEtfSearch%5Btaxation%5D=1
FR0011857234,,Amundi MDAX UCITS ETF Dist,,,,,https://www.boursorama.com/bourse/trackers/recherche/autres/?beginnerEtfSearch%5BisEtf%5D=1&beginnerEtfSearch%5Btaxation%5D=1
FR0011869270,,Amundi PEA S&P US IndustrialsScrndETFAcc,,,,,https://www.boursorama.com/bourse/trackers/recherche/autres/?beginnerEtfSearch%5BisEtf%5D=1&beginnerEtfSearch%5Btaxation%5D=1
FR0011869304,,Amundi PEA Im Eurp FTSE EPRA/NAREIT ETFA,,,,,https://www.boursorama.com/bourse/trackers/recherche/autres/?beginnerEtfSearch%5BisEtf%5D=1&beginnerEtfSearch%5Btaxation%5D=1
FR0011869312,,Amundi PEA AsiePac MSCI ACAP ex Jpn ETFA,,,,,https://www.boursorama.com/bourse/trackers/recherche/autres/?beginnerEtfSearch%5BisEtf%5D=1&beginnerEtfSearch%5Btaxation%5D=1
FR0011869320,,Amundi PEA Inde (MSCI India) ETFAcc,,,,,https://www.boursorama.com/bourse/trackers/recherche/autres/?beginnerEtfSearch%5BisEtf%5D=1&beginnerEtfSearch%5Btaxation%5D=1
FR0011871078,,Amundi PEA Chine MSCIChScrUCITS ETF-Acc,,,,,https://www.boursorama.com/bourse/trackers/recherche/autres/?beginnerEtfSearch%5BisEtf%5D=1&beginnerEtfSearch%5Btaxation%5D=1
FR0011871110,,Amundi PEA Nasdaq-100 UCITS ETF Acc,,,,,https://www.boursorama.com/bourse/trackers/recherche/autres/?beginnerEtfSearch%5BisEtf%5D=1&beginnerEtfSearch%5Btaxation%5D=1
FR0011871128,,Amundi PEA S&P 500 UCITS ETF Acc,,,,,https://www.boursorama.com/bourse/trackers/recherche/autres/?beginnerEtfSearch%5BisEtf%5D=1&beginnerEtfSearch%5Btaxation%5D=1
FR0011871136,,Amundi PEA S&P 500 UCITS ETF EUR H Acc,,,,,https://www.boursorama.com/bourse/trackers/recherche/autres/?beginnerEtfSearch%5BisEtf%5D=1&beginnerEtfSearch%5Btaxation%5D=1
FR0011882364,,Amundi PEA Eau (MSCI Water) ETF Capi,,,,,https://www.boursorama.com/bourse/trackers/recherche/autres/?beginnerEtfSearch%5BisEtf%5D=1&beginnerEtfSearch%5Btaxation%5D=1
FR0012739431,,BNPP Easy Euro Stoxx 50 ETF EUR C,,,,,https://www.boursorama.com/bourse/trackers/recherche/autres/?beginnerEtfSearch%5BisEtf%5D=1&beginnerEtfSearch%5Btaxation%5D=1
FR0012740983,,BNPP Easy Euro Stoxx 50 ETF EUR C/D,,,,,https://www.boursorama.com/bourse/trackers/recherche/autres/?beginnerEtfSearch%5BisEtf%5D=1&beginnerEtfSearch%5Btaxation%5D=1
FR0013041530,,BNPP Easy S&P 500 ETF EUR H,,,,,https://www.boursorama.com/bourse/trackers/recherche/autres/?beginnerEtfSearch%5BisEtf%5D=1&beginnerEtfSearch%5Btaxation%5D=1
FR0013346681,,Amundi PEA Euro Court Terme UCITS ETF,,,,,https://www.boursorama.com/bourse/trackers/recherche/autres/?beginnerEtfSearch%5BisEtf%5D=1&beginnerEtfSearch%5Btaxation%5D=1
FR0013380607,,Amundi CAC 40 ETF Acc,,,,,https://www.boursorama.com/bourse/trackers/recherche/autres/?beginnerEtfSearch%5BisEtf%5D=1&beginnerEtfSearch%5Btaxation%5D=1
FR0013411980,,Amundi PEA Japon Topix ETF EUR Acc,,,,,https://www.boursorama.com/bourse/trackers/recherche/autres/?beginnerEtfSearch%5BisEtf%5D=1&beginnerEtfSearch%5Btaxation%5D=1
FR0013411998,,Amundi PEA Japon Topix ETF Hdg EUR,,,,,https://www.boursorama.com/bourse/trackers/recherche/autres/?beginnerEtfSearch%5BisEtf%5D=1&beginnerEtfSearch%5Btaxation%5D=1
FR0013412004,,Amundi PEA AL MSCI Emerg LA Sel ETF Acc,,,,,https://www.boursorama.com/bourse/trackers/recherche/autres/?beginnerEtfSearch%5BisEtf%5D=1&beginnerEtfSearch%5Btaxation%5D=1
FR0013412012,,Amundi PEA Asie Émerg MSCI ScrUCITS ETFC,,,,,https://www.boursorama.com/bourse/trackers/recherche/autres/?beginnerEtfSearch%5BisEtf%5D=1&beginnerEtfSearch%5Btaxation%5D=1
FR0013412020,,Amundi PEA Émerg MSCI ESG Tr UCITS ETFC,,,,,https://www.boursorama.com/bourse/trackers/recherche/autres/?beginnerEtfSearch%5BisEtf%5D=1&beginnerEtfSearch%5Btaxation%5D=1
FR0013412038,,Amundi PEA MSCI Europe ETF Acc,,,,,https://www.boursorama.com/bourse/trackers/recherche/autres/?beginnerEtfSearch%5BisEtf%5D=1&beginnerEtfSearch%5Btaxation%5D=1
FR0013412269,,Amundi PEA US Tech Screened ETFAcc,,,,,https://www.boursorama.com/bourse/trackers/recherche/autres/?beginnerEtfSearch%5BisEtf%5D=1&beginnerEtfSearch%5Btaxation%5D=1
FR0013412285,,Amundi PEA S&P 500 Scrn UCITS ETF - Acc,,,,,https://www.boursorama.com/bourse/trackers/recherche/autres/?beginnerEtfSearch%5BisEtf%5D=1&beginnerEtfSearch%5Btaxation%5D=1
FR0013412293,,Amundi PEA S&P 500 Scrn UCITSETFHdgAcc,,,,,https://www.boursorama.com/bourse/trackers/recherche/autres/?beginnerEtfSearch%5BisEtf%5D=1&beginnerEtfSearch%5Btaxation%5D=1
FR001400KE06,,AMUNDI PEA S&P US Cns Stp ScnUCITSETFAcc,,,,,https://www.boursorama.com/bourse/trackers/recherche/autres/?beginnerEtfSearch%5BisEtf%5D=1&beginnerEtfSearch%5Btaxation%5D=1
FR001400KH45,,Amundi PEA MSCI USA ValAdv UCITS ETF-Acc,,,,,https://www.boursorama.com/bourse/trackers/recherche/autres/?beginnerEtfSearch%5BisEtf%5D=1&beginnerEtfSearch%5Btaxation%5D=1
FR001400S9V0,,Amundi PEA Luxe Mnd UCITS ETF Acc,,,,,https://www.boursorama.com/bourse/trackers/recherche/autres/?beginnerEtfSearch%5BisEtf%5D=1&beginnerEtfSearch%5Btaxation%5D=1
FR001400U5Q4,,Amundi PEA Monde (MSCI World) UCITS ETF,,,,,https://www.boursorama.com/bourse/trackers/recherche/autres/?beginnerEtfSearch%5BisEtf%5D=1&beginnerEtfSearch%5Btaxation%5D=1
FR001400XS96,,CM-AM Euro Stoxx 50 UCITS ETF,,,,,https://www.boursorama.com/bourse/trackers/recherche/autres/?beginnerEtfSearch%5BisEtf%5D=1&beginnerEtfSearch%5Btaxation%5D=1
FR001400ZGO4,,Amundi PEA MSCI Emrg ESG Trns ETF S-Acc,,,,,https://www.boursorama.com/bourse/trackers/recherche/autres/?beginnerEtfSearch%5BisEtf%5D=1&beginnerEtfSearch%5Btaxation%5D=1
FR001400ZGP1,,Amundi EuroStoxx 50 II ETF S-Acc,,,,,https://www.boursorama.com/bourse/trackers/recherche/autres/?beginnerEtfSearch%5BisEtf%5D=1&beginnerEtfSearch%5Btaxation%5D=1
FR001400ZGQ9,,Amundi CAC 40 UCITS ETF S-Acc,,,,,https://www.boursorama.com/bourse/trackers/recherche/autres/?beginnerEtfSearch%5BisEtf%5D=1&beginnerEtfSearch%5Btaxation%5D=1
FR001400ZGR7,,Amundi PEA Nasdaq-100 UCITS ETF S-Acc,,,,,https://www.boursorama.com/bourse/trackers/recherche/autres/?beginnerEtfSearch%5BisEtf%5D=1&beginnerEtfSearch%5Btaxation%5D=1
FR001400ZGS5,,Amundi PEA SP 500 Scrn UCITS ETF S-Acc,,,,,https://www.boursorama.com/bourse/trackers/recherche/autres/?beginnerEtfSearch%5BisEtf%5D=1&beginnerEtfSearch%5Btaxation%5D=1
FR0014017NX3,,Amundi PEA Global MSCI ACWI UCITS ETF A,,,,,https://www.boursorama.com/bourse/trackers/recherche/autres/?beginnerEtfSearch%5BisEtf%5D=1&beginnerEtfSearch%5Btaxation%5D=1
IE000OV4XWA3,,WisdomTree Eurozone Effict Cr ETF EURAcc,,,,,https://www.boursorama.com/bourse/trackers/recherche/autres/?beginnerEtfSearch%5BisEtf%5D=1&beginnerEtfSearch%5Btaxation%5D=1
IE00B4K6B022,,HSBC EURO STOXX 50 ETF,,,,,https://www.boursorama.com/bourse/trackers/recherche/autres/?beginnerEtfSearch%5BisEtf%5D=1&beginnerEtfSearch%5Btaxation%5D=1
IE00B5M1WJ87,,Stt Strt SPDR S&P EUR DivAristETF,,,,,https://www.boursorama.com/bourse/trackers/recherche/autres/?beginnerEtfSearch%5BisEtf%5D=1&beginnerEtfSearch%5Btaxation%5D=1
IE00B8X9NY41,,First Trust Eurozone AlphaDEX(r) ETF A,,,,,https://www.boursorama.com/bourse/trackers/recherche/autres/?beginnerEtfSearch%5BisEtf%5D=1&beginnerEtfSearch%5Btaxation%5D=1
IE00BKX55S42,,Vanguard FTSE Dev Eurp ex UK ETF Dis,,,,,https://www.boursorama.com/bourse/trackers/recherche/autres/?beginnerEtfSearch%5BisEtf%5D=1&beginnerEtfSearch%5Btaxation%5D=1
LU0136234068,,UBS Core EURO STOXX 50 ETF EUR dis,,,,,https://www.boursorama.com/bourse/trackers/recherche/autres/?beginnerEtfSearch%5BisEtf%5D=1&beginnerEtfSearch%5Btaxation%5D=1
LU0252633754,,Amundi DAX II ETF Acc,,,,,https://www.boursorama.com/bourse/trackers/recherche/autres/?beginnerEtfSearch%5BisEtf%5D=1&beginnerEtfSearch%5Btaxation%5D=1
LU0599613147,,Ossiam Lux -OssmSTXX(r)Er600ESGqWgNRTF1C,,,,,https://www.boursorama.com/bourse/trackers/recherche/autres/?beginnerEtfSearch%5BisEtf%5D=1&beginnerEtfSearch%5Btaxation%5D=1
LU0629460675,,UBS MSCI EMU Socially Resp ETF EUR dis,,,,,https://www.boursorama.com/bourse/trackers/recherche/autres/?beginnerEtfSearch%5BisEtf%5D=1&beginnerEtfSearch%5Btaxation%5D=1
LU0908501058,,Amundi MSCI EMU ESG Brd Trnstn ETF ACC,,,,,https://www.boursorama.com/bourse/trackers/recherche/autres/?beginnerEtfSearch%5BisEtf%5D=1&beginnerEtfSearch%5Btaxation%5D=1
LU1079842321,,Ossiam Lux -OssmShllerBrclysCp(r)SVlTRTF1C,,,,,https://www.boursorama.com/bourse/trackers/recherche/autres/?beginnerEtfSearch%5BisEtf%5D=1&beginnerEtfSearch%5Btaxation%5D=1
LU1291098827,,BNPP E MSCI EMU MIN TE ETF EUR,,,,,https://www.boursorama.com/bourse/trackers/recherche/autres/?beginnerEtfSearch%5BisEtf%5D=1&beginnerEtfSearch%5Btaxation%5D=1
LU1377381717,,BNP Paribas Easy Low Vol Europe ETF C,,,,,https://www.boursorama.com/bourse/trackers/recherche/autres/?beginnerEtfSearch%5BisEtf%5D=1&beginnerEtfSearch%5Btaxation%5D=1
LU1377382103,,BNP Paribas Easy Quality Europe ETF Cap,,,,,https://www.boursorama.com/bourse/trackers/recherche/autres/?beginnerEtfSearch%5BisEtf%5D=1&beginnerEtfSearch%5Btaxation%5D=1
LU1377382285,,BNP Paribas Easy Value Europe ETF Cap,,,,,https://www.boursorama.com/bourse/trackers/recherche/autres/?beginnerEtfSearch%5BisEtf%5D=1&beginnerEtfSearch%5Btaxation%5D=1
LU1481201025,,BNP Paribas Easy Low Vol Europe ETF D,,,,,https://www.boursorama.com/bourse/trackers/recherche/autres/?beginnerEtfSearch%5BisEtf%5D=1&beginnerEtfSearch%5Btaxation%5D=1
LU1481201611,,BNP Paribas Easy Quality Europe ETF Dis,,,,,https://www.boursorama.com/bourse/trackers/recherche/autres/?beginnerEtfSearch%5BisEtf%5D=1&beginnerEtfSearch%5Btaxation%5D=1
LU1481201702,,BNP Paribas Easy Value Europe ETF Dis,,,,,https://www.boursorama.com/bourse/trackers/recherche/autres/?beginnerEtfSearch%5BisEtf%5D=1&beginnerEtfSearch%5Btaxation%5D=1
LU1598689153,,Amundi MSCI EMU SmCapESGBrdTrnstnETFDIS,,,,,https://www.boursorama.com/bourse/trackers/recherche/autres/?beginnerEtfSearch%5BisEtf%5D=1&beginnerEtfSearch%5Btaxation%5D=1
LU1598690169,,Amundi MSCI EMU Value Factor ETF Dis,,,,,https://www.boursorama.com/bourse/trackers/recherche/autres/?beginnerEtfSearch%5BisEtf%5D=1&beginnerEtfSearch%5Btaxation%5D=1
LU1602144575,,Amundi MSCI EMU ESG Sel ETF DR EUR C,,,,,https://www.boursorama.com/bourse/trackers/recherche/autres/?beginnerEtfSearch%5BisEtf%5D=1&beginnerEtfSearch%5Btaxation%5D=1
LU1615090864,,BNP Paribas Easy Dividend Eurp ETF Cap,,,,,https://www.boursorama.com/bourse/trackers/recherche/autres/?beginnerEtfSearch%5BisEtf%5D=1&beginnerEtfSearch%5Btaxation%5D=1
LU1646360971,,Amundi Core MSCI EMU ETF Dis,,,,,https://www.boursorama.com/bourse/trackers/recherche/autres/?beginnerEtfSearch%5BisEtf%5D=1&beginnerEtfSearch%5Btaxation%5D=1
LU1646361276,,Amundi Core MSCI EMU ETF Acc,,,,,https://www.boursorama.com/bourse/trackers/recherche/autres/?beginnerEtfSearch%5BisEtf%5D=1&beginnerEtfSearch%5Btaxation%5D=1
LU1655103486,,Ossiam Lux-OSSAMBLMBRGRPexURZNPABNR1CEUR,,,,,https://www.boursorama.com/bourse/trackers/recherche/autres/?beginnerEtfSearch%5BisEtf%5D=1&beginnerEtfSearch%5Btaxation%5D=1
LU1655103643,,Ossiam Lux-OSSIAM BLOOMBERG JAPAN PAB NR,,,,,https://www.boursorama.com/bourse/trackers/recherche/autres/?beginnerEtfSearch%5BisEtf%5D=1&beginnerEtfSearch%5Btaxation%5D=1
LU1655103726,,Ossiam Lux-OSSAMMSCIJAPANNR1CHdgdIndxEUR,,,,,https://www.boursorama.com/bourse/trackers/recherche/autres/?beginnerEtfSearch%5BisEtf%5D=1&beginnerEtfSearch%5Btaxation%5D=1
LU1659681313,,BNPP E MSCI Em SRI PAB ETF EURDis,,,,,https://www.boursorama.com/bourse/trackers/recherche/autres/?beginnerEtfSearch%5BisEtf%5D=1&beginnerEtfSearch%5Btaxation%5D=1
LU1681037518,,Amundi IS ITALY MIB ESG ETF DR - EUR C,,,,,https://www.boursorama.com/bourse/trackers/recherche/autres/?beginnerEtfSearch%5BisEtf%5D=1&beginnerEtfSearch%5Btaxation%5D=1
LU1681038672,,Amundi IS Russell 2000 ETF-C EUR,,,,,https://www.boursorama.com/bourse/trackers/recherche/autres/?beginnerEtfSearch%5BisEtf%5D=1&beginnerEtfSearch%5Btaxation%5D=1
LU1681042864,,Amundi PEA MSCI USA ESG Sel ETF - EUR,,,,,https://www.boursorama.com/bourse/trackers/recherche/autres/?beginnerEtfSearch%5BisEtf%5D=1&beginnerEtfSearch%5Btaxation%5D=1
LU1681043599,,Amundi IS MSCI World Swap ETF EUR Acc,,,,,https://www.boursorama.com/bourse/trackers/recherche/autres/?beginnerEtfSearch%5BisEtf%5D=1&beginnerEtfSearch%5Btaxation%5D=1
LU1681046931,,Amundi IS CAC 40 ESG DR ETF-C,,,,,https://www.boursorama.com/bourse/trackers/recherche/autres/?beginnerEtfSearch%5BisEtf%5D=1&beginnerEtfSearch%5Btaxation%5D=1
LU1681047079,,Amundi IS CAC 40 ESG DR ETF-D,,,,,https://www.boursorama.com/bourse/trackers/recherche/autres/?beginnerEtfSearch%5BisEtf%5D=1&beginnerEtfSearch%5Btaxation%5D=1
LU1681047236,,Amundi Core EURO STOXX 50 ETF EUR Acc,,,,,https://www.boursorama.com/bourse/trackers/recherche/autres/?beginnerEtfSearch%5BisEtf%5D=1&beginnerEtfSearch%5Btaxation%5D=1
LU1681047319,,Amundi Core EURO STOXX 50 ETF EUR Dist,,,,,https://www.boursorama.com/bourse/trackers/recherche/autres/?beginnerEtfSearch%5BisEtf%5D=1&beginnerEtfSearch%5Btaxation%5D=1
LU1812092168,,Amundi Stoxx Europe Select Div 30 ETF D,,,,,https://www.boursorama.com/bourse/trackers/recherche/autres/?beginnerEtfSearch%5BisEtf%5D=1&beginnerEtfSearch%5Btaxation%5D=1
LU1829219390,,Amundi Euro Stoxx Banks ETF Acc,,,,,https://www.boursorama.com/bourse/trackers/recherche/autres/?beginnerEtfSearch%5BisEtf%5D=1&beginnerEtfSearch%5Btaxation%5D=1
LU1834983477,,Amundi STOXX Europe 600 Banks ETF Acc,,,,,https://www.boursorama.com/bourse/trackers/recherche/autres/?beginnerEtfSearch%5BisEtf%5D=1&beginnerEtfSearch%5Btaxation%5D=1
LU1834983550,,Amundi STOXX Eurp 600 Basic Res ETF Acc,,,,,https://www.boursorama.com/bourse/trackers/recherche/autres/?beginnerEtfSearch%5BisEtf%5D=1&beginnerEtfSearch%5Btaxation%5D=1
LU1834983634,,Amundi STOXX Eurp 600 Bsc Mtrls ETF Acc,,,,,https://www.boursorama.com/bourse/trackers/recherche/autres/?beginnerEtfSearch%5BisEtf%5D=1&beginnerEtfSearch%5Btaxation%5D=1
LU1834985845,,Amundi STOXX Eurp 600 Cnsmr Stp ETF Acc,,,,,https://www.boursorama.com/bourse/trackers/recherche/autres/?beginnerEtfSearch%5BisEtf%5D=1&beginnerEtfSearch%5Btaxation%5D=1
LU1834986900,,Amundi STOXX Europe 600 Hlthcare ETF Acc,,,,,https://www.boursorama.com/bourse/trackers/recherche/autres/?beginnerEtfSearch%5BisEtf%5D=1&beginnerEtfSearch%5Btaxation%5D=1
LU1834987890,,Amundi STOXX Europe 600 Indstr ETF Acc,,,,,https://www.boursorama.com/bourse/trackers/recherche/autres/?beginnerEtfSearch%5BisEtf%5D=1&beginnerEtfSearch%5Btaxation%5D=1
LU1834987973,,Amundi STOXX Europe 600 Ins ETF Acc,,,,,https://www.boursorama.com/bourse/trackers/recherche/autres/?beginnerEtfSearch%5BisEtf%5D=1&beginnerEtfSearch%5Btaxation%5D=1
LU1834988518,,Amundi STOXX Europe 600 Tech ETF Acc,,,,,https://www.boursorama.com/bourse/trackers/recherche/autres/?beginnerEtfSearch%5BisEtf%5D=1&beginnerEtfSearch%5Btaxation%5D=1
LU1834988609,,Amundi STOXX Europe 600 Telecms ETF Acc,,,,,https://www.boursorama.com/bourse/trackers/recherche/autres/?beginnerEtfSearch%5BisEtf%5D=1&beginnerEtfSearch%5Btaxation%5D=1
LU1834988781,,Amundi STOXX Eurp 600 Cnsmr Disc ETF Acc,,,,,https://www.boursorama.com/bourse/trackers/recherche/autres/?beginnerEtfSearch%5BisEtf%5D=1&beginnerEtfSearch%5Btaxation%5D=1
LU1834988864,,Amundi STOXX Europe 600 Utilts ETF Acc,,,,,https://www.boursorama.com/bourse/trackers/recherche/autres/?beginnerEtfSearch%5BisEtf%5D=1&beginnerEtfSearch%5Btaxation%5D=1
LU1847674733,,Ossiam Lux-OSSIAM BLOOMBERGEUROZONEPABNR,,,,,https://www.boursorama.com/bourse/trackers/recherche/autres/?beginnerEtfSearch%5BisEtf%5D=1&beginnerEtfSearch%5Btaxation%5D=1
LU1953137681,,BNPP E MSCI EMU SRI PAB ETF Cap,,,,,https://www.boursorama.com/bourse/trackers/recherche/autres/?beginnerEtfSearch%5BisEtf%5D=1&beginnerEtfSearch%5Btaxation%5D=1
LU2059756325,,Amundi MSCI EMU ESG Sel ETF DR EUR (D),,,,,https://www.boursorama.com/bourse/trackers/recherche/autres/?beginnerEtfSearch%5BisEtf%5D=1&beginnerEtfSearch%5Btaxation%5D=1
LU2109787635,,Amundi MSCI EMU SRI ClmtPrsAlgdETFDRC,,,,,https://www.boursorama.com/bourse/trackers/recherche/autres/?beginnerEtfSearch%5BisEtf%5D=1&beginnerEtfSearch%5Btaxation%5D=1
LU2182388582,,Amundi MSCI EMU Clmt Paris Algd ETF Acc,,,,,https://www.boursorama.com/bourse/trackers/recherche/autres/?beginnerEtfSearch%5BisEtf%5D=1&beginnerEtfSearch%5Btaxation%5D=1
LU2195226068,,Amundi S&P Eurozone ClmtPrsAlgdETFAcc,,,,,https://www.boursorama.com/bourse/trackers/recherche/autres/?beginnerEtfSearch%5BisEtf%5D=1&beginnerEtfSearch%5Btaxation%5D=1
LU2244387887,,BNPP Easy Growth Europe Track ETFEURCap,,,,,https://www.boursorama.com/bourse/trackers/recherche/autres/?beginnerEtfSearch%5BisEtf%5D=1&beginnerEtfSearch%5Btaxation%5D=1
LU2491210618,,Ossiam Lux-OSSIAMBgAsaPfcxJpPBNR1CEURAcc,,,,,https://www.boursorama.com/bourse/trackers/recherche/autres/?beginnerEtfSearch%5BisEtf%5D=1&beginnerEtfSearch%5Btaxation%5D=1
LU2655993207,,Amundi IS MSCI World Swap ETF EUR Dist,,,,,https://www.boursorama.com/bourse/trackers/recherche/autres/?beginnerEtfSearch%5BisEtf%5D=1&beginnerEtfSearch%5Btaxation%5D=1
LU3046617802,,Ossiam Lux-OSSIAM LUX CAC 40NRETF1CEUR,,,,,https://www.boursorama.com/bourse/trackers/recherche/autres/?beginnerEtfSearch%5BisEtf%5D=1&beginnerEtfSearch%5Btaxation%5D=1
LU3047998896,,BNPP Easy Blmbrg Eurp Def ETF,,,,,https://www.boursorama.com/bourse/trackers/recherche/autres/?beginnerEtfSearch%5BisEtf%5D=1&beginnerEtfSearch%5Btaxation%5D=1
LU3078637314,,OSSIAM MSCI EMU UCITS ETF 1C EUR Acc,,,,,https://www.boursorama.com/bourse/trackers/recherche/autres/?beginnerEtfSearch%5BisEtf%5D=1&beginnerEtfSearch%5Btaxation%5D=1
LU3174346000,,Ofi Invest EMU Equity Active ETF,,,,,https://www.boursorama.com/bourse/trackers/recherche/autres/?beginnerEtfSearch%5BisEtf%5D=1&beginnerEtfSearch%5Btaxation%5D=1
LU3180074463,,Amundi European Strat Autonomy ETF Acc,,,,,https://www.boursorama.com/bourse/trackers/recherche/autres/?beginnerEtfSearch%5BisEtf%5D=1&beginnerEtfSearch%5Btaxation%5D=1
LU3195985372,,Indépendance AM Europe Mid ETF E EUR,,,,,https://www.boursorama.com/bourse/trackers/recherche/autres/?beginnerEtfSearch%5BisEtf%5D=1&beginnerEtfSearch%5Btaxation%5D=1
LU3215536486,,BNPP EASY MSCI EMU ETF CAP,,,,,https://www.boursorama.com/bourse/trackers/recherche/autres/?beginnerEtfSearch%5BisEtf%5D=1&beginnerEtfSearch%5Btaxation%5D=1
LU3215541056,,BNPP E EUR Overnight PEA ETF EUR Acc,,,,,https://www.boursorama.com/bourse/trackers/recherche/autres/?beginnerEtfSearch%5BisEtf%5D=1&beginnerEtfSearch%5Btaxation%5D=1
DE0002635273,EXSB,iShares DivDAX UCITS ETF (DE),,,Réplication complète,"0,31%",https://www.justetf.com/fr/search.html?search=ETFS&pea=true
DE0002635281,EXSG,iShares EURO STOXX Select Dividend 30 UCITS ETF (DE),,,Réplication complète,"0,32%",https://www.justetf.com/fr/search.html?search=ETFS&pea=true
DE0005933923,EXS3,iShares MDAX UCITS ETF (DE),,,Réplication complète,"0,51%",https://www.justetf.com/fr/search.html?search=ETFS&pea=true
DE0005933931,EXS1,iShares Core DAX® UCITS ETF (DE) EUR (Acc),,,Réplication complète,"0,16%",https://www.justetf.com/fr/search.html?search=ETFS&pea=true
DE0005933956,EXW1,iShares EURO STOXX 50 UCITS ETF (DE),,,Réplication complète,"0,09%",https://www.justetf.com/fr/search.html?search=ETFS&pea=true
DE0005933972,EXS2,iShares TecDAX UCITS ETF (DE),,,Réplication complète,"0,51%",https://www.justetf.com/fr/search.html?search=ETFS&pea=true
DE0006289309,EXX1,iShares EURO STOXX Banks 30-15 UCITS ETF (DE),,,Réplication complète,"0,52%",https://www.justetf.com/fr/search.html?search=ETFS&pea=true
DE000A0D8Q07,EXSI,iShares EURO STOXX UCITS ETF (DE),,,Réplication complète,"0,20%",https://www.justetf.com/fr/search.html?search=ETFS&pea=true
DE000A0F5UG3,EXXV,iShares Dow Jones Eurozone Sustainability Screened UCITS ETF (DE),,,Réplication complète,"0,43%",https://www.justetf.com/fr/search.html?search=ETFS&pea=true
DE000A0H0728,CMSE,iShares Diversified Commodity Swap UCITS ETF (DE),,,Basée sur swap non financé,"0,46%",https://www.justetf.com/fr/search.html?search=ETFS&pea=true
DE000A0H08Q4,EXV3,iShares STOXX Europe 600 Technology UCITS ETF (DE) EUR (Dist),,,Réplication complète,"0,46%",https://www.justetf.com/fr/search.html?search=ETFS&pea=true
DE000A0Q4R28,EXV5,iShares STOXX Europe 600 Automobiles & Parts UCITS ETF (DE) EUR (Dist),,,Réplication complète,"0,46%",https://www.justetf.com/fr/search.html?search=ETFS&pea=true
DE000A2QP323,EXIB,iShares TecDAX® UCITS ETF (DE) EUR (Dist),,,Réplication complète,"0,51%",https://www.justetf.com/fr/search.html?search=ETFS&pea=true
DE000A2QP331,EXIC,iShares Core DAX® UCITS ETF (DE) EUR (Dist),,,Réplication complète,"0,16%",https://www.justetf.com/fr/search.html?search=ETFS&pea=true
DE000A2QP349,EXID,iShares MDAX® UCITS ETF (DE) EUR (Dist),,,Réplication complète,"0,51%",https://www.justetf.com/fr/search.html?search=ETFS&pea=true
DE000A2QP372,EXI4,iShares EURO STOXX Banks 30-15 UCITS ETF (DE) EUR (Acc),,,Réplication complète,"0,52%",https://www.justetf.com/fr/search.html?search=ETFS&pea=true
DE000A2QP380,EXI0,iShares EURO STOXX Select Dividend 30 UCITS ETF (DE) EUR (Acc),,,Réplication complète,"0,32%",https://www.justetf.com/fr/search.html?search=ETFS&pea=true
DE000A2QP398,EXH0,iShares STOXX Europe 600 Technology UCITS ETF (DE) EUR (Acc),,,Réplication complète,"0,39%",https://www.justetf.com/fr/search.html?search=ETFS&pea=true
DE000A2QP4A8,EXHG,iShares STOXX Europe 600 Automobiles & Parts UCITS ETF (DE) EUR (Acc),,,Réplication complète,"0,41%",https://www.justetf.com/fr/search.html?search=ETFS&pea=true
FR0007052782,CAC,Amundi CAC 40 UCITS ETF Dist,,,Réplication complète,"0,25%",https://www.justetf.com/fr/search.html?search=ETFS&pea=true
FR0007054358,MSE,Amundi EURO STOXX 50 II UCITS ETF Acc,,,Réplication complète,"0,20%",https://www.justetf.com/fr/search.html?search=ETFS&pea=true
FR0010010827,MIB,Amundi FTSE MIB UCITS ETF Dist,,,Réplication complète,"0,35%",https://www.justetf.com/fr/search.html?search=ETFS&pea=true
FR0010150458,E40,BNP Paribas Easy CAC 40 ESG UCITS ETF,,,Réplication complète,"0,25%",https://www.justetf.com/fr/search.html?search=ETFS&pea=true
FR0010405431,GRE,Amundi MSCI Greece UCITS ETF Dist,,,Réplication complète,"0,55%",https://www.justetf.com/fr/search.html?search=ETFS&pea=true
FR0010655704,CF1,Amundi CAC Transition Climat UCITS ETF,,,Réplication complète,"0,25%",https://www.justetf.com/fr/search.html?search=ETFS&pea=true
FR0010655712,CG1,Amundi ETF DAX UCITS ETF DR,,,Réplication complète,"0,10%",https://www.justetf.com/fr/search.html?search=ETFS&pea=true
FR0010655746,CS1,Amundi IBEX 35 UCITS ETF Acc,,,Réplication complète,"0,30%",https://www.justetf.com/fr/search.html?search=ETFS&pea=true
FR0010717090,CD8,Amundi MSCI EMU High Dividend UCITS ETF UCITS ETF Acc,,,Réplication complète,"0,30%",https://www.justetf.com/fr/search.html?search=ETFS&pea=true
FR0011440478,PLEM,Amundi PEA Emergent EMEA (MSCI Emerging EMEA) ESG Transition UCITS ETF Acc,,,Basée sur swap non financé,"0,55%",https://www.justetf.com/fr/search.html?search=ETFS&pea=true
FR0011550177,ESD,BNP Paribas Easy S&P 500 UCITS ETF USD (Acc),,,Basée sur swap non financé,"0,14%",https://www.justetf.com/fr/search.html?search=ETFS&pea=true
FR0011550185,ESE,BNP Paribas Easy S&P 500 UCITS ETF EUR,,,Basée sur swap non financé,"0,14%",https://www.justetf.com/fr/search.html?search=ETFS&pea=true
FR0011550193,ETZ,BNP Paribas Easy STOXX Europe 600 UCITS ETF,,,Basée sur swap non financé,"0,19%",https://www.justetf.com/fr/search.html?search=ETFS&pea=true
FR0011550672,ETZD,BNP Paribas Easy STOXX Europe 600 UCITS ETF,,,Basée sur swap non financé,"0,19%",https://www.justetf.com/fr/search.html?search=ETFS&pea=true
FR0011550680,ESEA,BNP Paribas Easy S&P 500 UCITS ETF,,,Basée sur swap non financé,"0,14%",https://www.justetf.com/fr/search.html?search=ETFS&pea=true
FR0011857234,MDX,Amundi MDAX UCITS ETF Dist,,,Basée sur swap non financé,"0,20%",https://www.justetf.com/fr/search.html?search=ETFS&pea=true
FR0011869270,PDJE,Amundi PEA S&P US Industrials Screened UCITS ETF Acc,,,Basée sur swap non financé,"0,50%",https://www.justetf.com/fr/search.html?search=ETFS&pea=true
FR0011869304,PMEH,Amundi PEA Immobilier Europe (FTSE EPRA/NAREIT) UCITS ETF Acc,,,Basée sur swap non financé,"0,40%",https://www.justetf.com/fr/search.html?search=ETFS&pea=true
FR0011869312,PAEJ,Amundi PEA Asie Pacifique (MSCI AC Asia Pacific Ex Japan) UCITS ETF Acc,,,Basée sur swap non financé,"0,60%",https://www.justetf.com/fr/search.html?search=ETFS&pea=true
FR0011869320,PINR,Amundi PEA Inde (MSCI India) UCITS ETF Acc,,,Basée sur swap non financé,"0,85%",https://www.justetf.com/fr/search.html?search=ETFS&pea=true
FR0011871078,PASI,Amundi PEA Chine (MSCI China) Screened UCITS ETF Acc,,,Basée sur swap non financé,"0,65%",https://www.justetf.com/fr/search.html?search=ETFS&pea=true
FR0011871110,PUST,Amundi PEA Nasdaq-100 UCITS ETF Acc,,,Basée sur swap non financé,"0,30%",https://www.justetf.com/fr/search.html?search=ETFS&pea=true
FR0011871128,PSP5,Amundi PEA S&P 500 UCITS ETF Acc,,,Basée sur swap non financé,"0,12%",https://www.justetf.com/fr/search.html?search=ETFS&pea=true
FR0011871136,PSPH,Amundi PEA S&P 500 UCITS ETF EUR Hedged Acc,,,Basée sur swap non financé,"0,12%",https://www.justetf.com/fr/search.html?search=ETFS&pea=true
FR0011882364,AWAT,Amundi PEA Eau (MSCI Water) UCITS ETF Capi,,,Basée sur swap non financé,"0,60%",https://www.justetf.com/fr/search.html?search=ETFS&pea=true
FR0012399772,NK4B,Amundi EURO STOXX 50 II UCITS ETF GBP Hedged Acc,,,Réplication complète,"0,20%",https://www.justetf.com/fr/search.html?search=ETFS&pea=true
FR0012399806,LYQ4,Amundi EURO STOXX 50 II UCITS ETF USD Hedged Acc,,,Réplication complète,"0,20%",https://www.justetf.com/fr/search.html?search=ETFS&pea=true
FR0012739431,ETDD,BNP Paribas Easy EURO STOXX 50 UCITS ETF,,,Réplication complète,"0,10%",https://www.justetf.com/fr/search.html?search=ETFS&pea=true
FR0012740983,ETBB,BNP Paribas Easy EURO STOXX 50 UCITS ETF,,,Réplication complète,"0,10%",https://www.justetf.com/fr/search.html?search=ETFS&pea=true
FR0013041530,ESEH,BNP Paribas Easy S&P 500 UCITS ETF EUR Hedged,,,Basée sur swap non financé,"0,14%",https://www.justetf.com/fr/search.html?search=ETFS&pea=true
FR0013346681,OBLI,Amundi PEA Euro Court Terme UCITS ETF Acc,,,Basée sur swap non financé,"0,25%",https://www.justetf.com/fr/search.html?search=ETFS&pea=true
FR0013380607,CACC,Amundi CAC 40 UCITS ETF Acc,,,Réplication complète,"0,25%",https://www.justetf.com/fr/search.html?search=ETFS&pea=true
FR0013411980,PTPXE,Amundi PEA Japon (TOPIX) UCITS ETF EUR Acc,,,Basée sur swap non financé,"0,20%",https://www.justetf.com/fr/search.html?search=ETFS&pea=true
FR0013411998,PTPXH,Amundi PEA Japan (TOPIX) UCITS ETF EUR Hedged,,,Basée sur swap non financé,"0,48%",https://www.justetf.com/fr/search.html?search=ETFS&pea=true
FR0013412004,PALAT,Amundi PEA MSCI Emerging Latin America Selection UCITS ETF Acc,,,Basée sur swap non financé,"0,30%",https://www.justetf.com/fr/search.html?search=ETFS&pea=true
FR0013412012,PAASI,Amundi PEA Asie Emergente (MSCI Emerging Asia) Screened UCITS ETF EUR (C/D),,,Basée sur swap non financé,"0,30%",https://www.justetf.com/fr/search.html?search=ETFS&pea=true
FR0013412020,PAEEM,Amundi PEA Emergent (MSCI Emerging) ESG Transition UCITS ETF Acc,,,Basée sur swap non financé,"0,30%",https://www.justetf.com/fr/search.html?search=ETFS&pea=true
FR0013412038,PCEU,Amundi PEA MSCI Europe UCITS ETF Acc,,,Basée sur swap non financé,"0,15%",https://www.justetf.com/fr/search.html?search=ETFS&pea=true
FR0013412269,PANX,Amundi PEA US Tech Screened UCITS ETF Acc,,,Basée sur swap non financé,"0,30%",https://www.justetf.com/fr/search.html?search=ETFS&pea=true
FR0013412285,PE500,Amundi PEA S&P 500 Screened UCITS ETF Acc,,,Basée sur swap non financé,"0,25%",https://www.justetf.com/fr/search.html?search=ETFS&pea=true
FR0013412293,P500H,Amundi PEA S&P 500 Screened UCITS ETF EUR Hedged Acc,,,Basée sur swap non financé,"0,28%",https://www.justetf.com/fr/search.html?search=ETFS&pea=true
FR001400KE06,COSE,Amundi PEA S&P US Consumer Staples Screened UCITS ETF Acc,,,Basée sur swap non financé,"0,50%",https://www.justetf.com/fr/search.html?search=ETFS&pea=true
FR001400KH45,USVE,Amundi PEA MSCI USA Value Advanced UCITS ETF Acc,,,Basée sur swap non financé,"0,50%",https://www.justetf.com/fr/search.html?search=ETFS&pea=true
FR001400S9V0,MLUX,Amundi PEA Luxe Monde UCITS ETF Acc,,,Basée sur swap non financé,"0,30%",https://www.justetf.com/fr/search.html?search=ETFS&pea=true
FR001400U5Q4,DCAM,Amundi PEA Monde (MSCI World) UCITS ETF Acc,,,Basée sur swap non financé,"0,20%",https://www.justetf.com/fr/search.html?search=ETFS&pea=true
FR001400XS96,CM5E,CM-AM Euro Stoxx 50 UCITS ETF,,,Réplication complète,"0,09%",https://www.justetf.com/fr/search.html?search=ETFS&pea=true
FR001400ZGO4,PEMS,Amundi PEA Emergent (MSCI Emerging) ESG Transition UCITS ETF S - Acc,,,Basée sur swap non financé,"0,30%",https://www.justetf.com/fr/search.html?search=ETFS&pea=true
FR001400ZGP1,MSES,Amundi EURO STOXX 50 II UCITS ETF S Acc,,,Réplication complète,"0,20%",https://www.justetf.com/fr/search.html?search=ETFS&pea=true
FR001400ZGQ9,CA40,Amundi CAC 40 UCITS ETF S - Acc,,,Réplication complète,"0,25%",https://www.justetf.com/fr/search.html?search=ETFS&pea=true
FR001400ZGR7,PNAS,Amundi PEA Nasdaq-100 UCITS ETF UCITS ETF S Acc,,,Basée sur swap non financé,"0,30%",https://www.justetf.com/fr/search.html?search=ETFS&pea=true
FR001400ZGS5,PSPS,Amundi PEA S&P 500 Screened UCITS ETF S Acc,,,Basée sur swap non financé,"0,25%",https://www.justetf.com/fr/search.html?search=ETFS&pea=true
FR0014015ZN2,MD4C,Amundi MDAX UCITS ETF Acc,,,Basée sur swap non financé,"0,20%",https://www.justetf.com/fr/search.html?search=ETFS&pea=true
FR0014017NX3,GPEA,Amundi PEA Global (MSCI ACWI) UCITS ETF Acc,,,Basée sur swap non financé,"0,30%",https://www.justetf.com/fr/search.html?search=ETFS&pea=true
FR0014018VJ3,EDHE,Amundi MSCI EMU High Dividend UCITS ETF Dist,,,Réplication complète,"0,30%",https://www.justetf.com/fr/search.html?search=ETFS&pea=true
IE0002XZSHO1,WPEA,iShares MSCI World Swap PEA UCITS ETF EUR (Acc),,,Basée sur swap non financé,"0,20%",https://www.justetf.com/fr/search.html?search=ETFS&pea=true
IE00055B2JD3,WPEH,iShares MSCI World Swap PEA UCITS ETF EUR Hedged (Acc),,,Basée sur swap non financé,"0,20%",https://www.justetf.com/fr/search.html?search=ETFS&pea=true
IE0008471009,EUN2,iShares Core EURO STOXX 50 UCITS ETF EUR (Dist),,,Réplication complète,"0,10%",https://www.justetf.com/fr/search.html?search=ETFS&pea=true
IE000DQLYVB9,SPEA,iShares S&P 500 Swap PEA UCITS ETF EUR (Acc),,,Basée sur swap non financé,"0,10%",https://www.justetf.com/fr/search.html?search=ETFS&pea=true
IE000FOSCLU1,5IF0,iShares MSCI EMU Paris-Aligned Climate UCITS ETF EUR (Dist),,,Réplication complète,"0,15%",https://www.justetf.com/fr/search.html?search=ETFS&pea=true
IE000MWUQBJ0,H4ZZ,HSBC Euro Stoxx 50 UCITS ETF EUR (Acc),,,Réplication complète,"0,05%",https://www.justetf.com/fr/search.html?search=ETFS&pea=true
IE000OV4XWA3,NTSZ,WisdomTree Eurozone Efficient Core UCITS ETF EUR Unhedged Acc,,,Échantillonnage optimisé,"0,20%",https://www.justetf.com/fr/search.html?search=ETFS&pea=true
IE000PS0J481,B41J,Global X European Infrastructure Development UCITS ETF EUR Accumulating,,,Réplication complète,"0,47%",https://www.justetf.com/fr/search.html?search=ETFS&pea=true
IE000Q4J3CW6,VEXA,Vanguard FTSE Eurozone UCITS ETF EUR Acc,,,Réplication complète,"0,07%",https://www.justetf.com/fr/search.html?search=ETFS&pea=true
IE000UU89RZ0,GGVT,Goldman Sachs Global Government Bond Active UCITS ETF GBP Hedged (Dist),,,Réplication complète,"0,20%",https://www.justetf.com/fr/search.html?search=ETFS&pea=true
IE000VCBWFL8,XZDZ,Xtrackers MSCI EMU High Dividend Yield ESG UCITS ETF 1D,,,Réplication complète,"0,25%",https://www.justetf.com/fr/search.html?search=ETFS&pea=true
IE000VH3JSL8,VEXD,Vanguard FTSE Eurozone UCITS ETF EUR Dist,,,Réplication complète,"0,07%",https://www.justetf.com/fr/search.html?search=ETFS&pea=true
IE00B0M62S72,IQQA,iShares Euro Dividend UCITS ETF,,,Réplication complète,"0,40%",https://www.justetf.com/fr/search.html?search=ETFS&pea=true
IE00B0M62V02,IQQG,iShares Euro Total Market Growth Large UCITS ETF,,,Réplication complète,"0,40%",https://www.justetf.com/fr/search.html?search=ETFS&pea=true
IE00B0M62Y33,IUSJ,iShares AEX UCITS ETF,,,Réplication complète,"0,30%",https://www.justetf.com/fr/search.html?search=ETFS&pea=true
IE00B4K6B022,50E,HSBC EURO STOXX 50 UCITS ETF EUR,,,Réplication complète,"0,05%",https://www.justetf.com/fr/search.html?search=ETFS&pea=true
IE00B53L3W79,SXRT,iShares Core EURO STOXX 50 UCITS ETF EUR (Acc),,,Réplication complète,"0,10%",https://www.justetf.com/fr/search.html?search=ETFS&pea=true
IE00B53QG562,SXR7,iShares Core MSCI EMU UCITS ETF EUR (Acc),,,Réplication complète,"0,12%",https://www.justetf.com/fr/search.html?search=ETFS&pea=true
IE00B5M1WJ87,EUDV,State Street SPDR S&P Euro Dividend Aristocrats UCITS ETF EUR,,,Réplication complète,"0,30%",https://www.justetf.com/fr/search.html?search=ETFS&pea=true
IE00B8X9NY41,FTGE,First Trust Eurozone AlphaDEX UCITS ETF Acc,,,Réplication complète,"0,65%",https://www.justetf.com/fr/search.html?search=ETFS&pea=true
IE00B910VR50,ZPRE,State Street SPDR MSCI EMU UCITS ETF EUR,,,Réplication complète,"0,08%",https://www.justetf.com/fr/search.html?search=ETFS&pea=true
IE00B945VV12,VEUR,Vanguard FTSE Developed Europe UCITS ETF Distributing,,,Réplication complète,"0,10%",https://www.justetf.com/fr/search.html?search=ETFS&pea=true
IE00B9MRJJ36,XDGM,Xtrackers MDAX ESG Screened UCITS ETF 1D,,,Réplication complète,"0,40%",https://www.justetf.com/fr/search.html?search=ETFS&pea=true
IE00BF2FL590,FEUD,First Trust Eurozone AlphaDEX UCITS ETF B Dist,,,Réplication complète,"0,65%",https://www.justetf.com/fr/search.html?search=ETFS&pea=true
IE00BFNM3B99,SLMA,iShares MSCI EMU Screened UCITS ETF EUR (Acc),,,Réplication complète,"0,12%",https://www.justetf.com/fr/search.html?search=ETFS&pea=true
IE00BFNM3C07,SLMB,iShares MSCI EMU Screened UCITS ETF EUR (Dist),,,Réplication complète,"0,12%",https://www.justetf.com/fr/search.html?search=ETFS&pea=true
IE00BFTWP510,ZPRL,State Street SPDR EURO STOXX Low Volatility UCITS ETF EUR,,,Réplication complète,"0,30%",https://www.justetf.com/fr/search.html?search=ETFS&pea=true
IE00BG143G97,VGER,Vanguard Germany All Cap UCITS ETF (EUR) Distributing,,,Réplication complète,"0,07%",https://www.justetf.com/fr/search.html?search=ETFS&pea=true
IE00BHZPHZ28,EMNE,iShares MSCI EMU CTB Enhanced ESG UCITS ETF EUR (Dist),,,Réplication complète,"0,12%",https://www.justetf.com/fr/search.html?search=ETFS&pea=true
IE00BHZPJ015,EDM4,iShares MSCI EMU CTB Enhanced ESG UCITS ETF EUR (Acc),,,Réplication complète,"0,12%",https://www.justetf.com/fr/search.html?search=ETFS&pea=true
IE00BJLKK341,AYE4,iShares MSCI EMU SRI UCITS ETF EUR (Acc),,,Réplication complète,"0,20%",https://www.justetf.com/fr/search.html?search=ETFS&pea=true
IE00BK5BQY34,VERE,Vanguard FTSE Developed Europe ex UK UCITS ETF (EUR) Accumulating,,,Réplication complète,"0,10%",https://www.justetf.com/fr/search.html?search=ETFS&pea=true
IE00BKBF6616,SNAY,iShares Core MSCI EMU UCITS ETF USD Hedged (Acc),,,Réplication complète,"0,15%",https://www.justetf.com/fr/search.html?search=ETFS&pea=true
IE00BKX55S42,VERX,Vanguard FTSE Developed Europe ex UK UCITS ETF (EUR) Distributing,,,Réplication complète,"0,10%",https://www.justetf.com/fr/search.html?search=ETFS&pea=true
IE00BL6K8D99,CBUB,iShares MSCI EMU Paris-Aligned Climate UCITS ETF EUR (Acc),,,Réplication complète,"0,15%",https://www.justetf.com/fr/search.html?search=ETFS&pea=true
IE00BMTX2B82,AYE7,iShares AEX UCITS ETF EUR (Acc),,,Réplication complète,"0,30%",https://www.justetf.com/fr/search.html?search=ETFS&pea=true
IE00BMW42413,ESIT,iShares MSCI Europe Information Technology Sector UCITS ETF EUR (Acc),,,Réplication complète,"0,18%",https://www.justetf.com/fr/search.html?search=ETFS&pea=true
IE00BNC1G699,XZEZ,Xtrackers MSCI EMU ESG UCITS ETF 1C,,,Réplication complète,"0,20%",https://www.justetf.com/fr/search.html?search=ETFS&pea=true
IE00BP3QZJ36,IS3U,iShares MSCI France UCITS ETF,,,Réplication complète,"0,25%",https://www.justetf.com/fr/search.html?search=ETFS&pea=true
IE00BWTNM966,FTGG,First Trust Germany AlphaDEX UCITS ETF Dist,,,Réplication complète,"0,65%",https://www.justetf.com/fr/search.html?search=ETFS&pea=true
IE00BZ4BMM98,EHDV,Invesco EURO STOXX High Dividend Low Volatility UCITS ETF,,,Réplication complète,"0,30%",https://www.justetf.com/fr/search.html?search=ETFS&pea=true
IE00BZ56SY76,WTIQ,WisdomTree Eurozone Quality Dividend Growth UCITS ETF EUR Dist,,,Réplication complète,"0,29%",https://www.justetf.com/fr/search.html?search=ETFS&pea=true
IE00BZ56TQ67,EGRA,WisdomTree Eurozone Quality Dividend Growth UCITS ETF EUR Acc,,,Réplication complète,"0,29%",https://www.justetf.com/fr/search.html?search=ETFS&pea=true
LU0136234068,UIM1,UBS Core EURO STOXX 50 UCITS ETF EUR dis,,,Réplication complète,"0,06%",https://www.justetf.com/fr/search.html?search=ETFS&pea=true
LU0252633754,DAX,Amundi DAX II UCITS ETF Acc,,,Réplication complète,"0,15%",https://www.justetf.com/fr/search.html?search=ETFS&pea=true
LU0274211217,XESX,Xtrackers EURO STOXX 50 UCITS ETF 1D,,,Réplication complète,"0,09%",https://www.justetf.com/fr/search.html?search=ETFS&pea=true
LU0274211480,DBXD,Xtrackers DAX UCITS ETF 1C,,,Réplication complète,"0,09%",https://www.justetf.com/fr/search.html?search=ETFS&pea=true
LU0292095535,DXSA,Xtrackers Euro Stoxx Quality Dividend UCITS ETF 1D,,,Réplication complète,"0,30%",https://www.justetf.com/fr/search.html?search=ETFS&pea=true
LU0322250985,DX2G,Xtrackers CAC 40 UCITS ETF 1D,,,Réplication complète,"0,20%",https://www.justetf.com/fr/search.html?search=ETFS&pea=true
LU0380865021,XESC,Xtrackers EURO STOXX 50 UCITS ETF 1C,,,Réplication complète,"0,09%",https://www.justetf.com/fr/search.html?search=ETFS&pea=true
LU0599612842,OSX4,Ossiam Europe ESG Machine Learning UCITS ETF 1C (EUR),,,Réplication complète,"0,65%",https://www.justetf.com/fr/search.html?search=ETFS&pea=true
LU0629460675,UIMR,UBS MSCI EMU Socially Responsible UCITS ETF EUR dis,,,Réplication complète,"0,20%",https://www.justetf.com/fr/search.html?search=ETFS&pea=true
LU0838782315,XDDX,Xtrackers DAX ESG Screened UCITS ETF 1D,,,Réplication complète,"0,09%",https://www.justetf.com/fr/search.html?search=ETFS&pea=true
LU0846194776,XD5E,Xtrackers MSCI EMU UCITS ETF 1D,,,Réplication complète,"0,09%",https://www.justetf.com/fr/search.html?search=ETFS&pea=true
LU0908501058,MFED,Amundi MSCI EMU ESG Broad Transition UCITS ETF Acc,,,Réplication complète,"0,12%",https://www.justetf.com/fr/search.html?search=ETFS&pea=true
LU0908501132,MFDD,Amundi MSCI EMU ESG Broad Transition UCITS ETF Dist,,,Réplication complète,"0,12%",https://www.justetf.com/fr/search.html?search=ETFS&pea=true
LU0950668367,FGZI,UBS Core EURO STOXX 50 UCITS ETF EUR acc,,,Réplication complète,"0,06%",https://www.justetf.com/fr/search.html?search=ETFS&pea=true
LU1079842321,CAPE,Ossiam Shiller Barclays CAPE® Europe Sector Value TR UCITS ETF 1C (EUR),,,Basée sur swap,"0,65%",https://www.justetf.com/fr/search.html?search=ETFS&pea=true
LU1127514245,XD5D,Xtrackers MSCI EMU UCITS ETF 1C - USD Hedged,,,Réplication complète,"0,17%",https://www.justetf.com/fr/search.html?search=ETFS&pea=true
LU1127516455,XD5S,Xtrackers MSCI EMU UCITS ETF 2C - GBP Hedged,,,Réplication complète,"0,12%",https://www.justetf.com/fr/search.html?search=ETFS&pea=true
LU1215828218,XDUE,Xtrackers MSCI EMU UCITS ETF 3C CHF hedged,,,Réplication complète,"0,17%",https://www.justetf.com/fr/search.html?search=ETFS&pea=true
LU1221100792,XDUD,Xtrackers DAX ESG Screened UCITS ETF 2C USD Hedged,,,Réplication complète,"0,19%",https://www.justetf.com/fr/search.html?search=ETFS&pea=true
LU1221102491,XDCH,Xtrackers DAX ESG Screened UCITS ETF 4C CHF Hedged,,,Réplication complète,"0,19%",https://www.justetf.com/fr/search.html?search=ETFS&pea=true
LU1280300853,EUSR,UBS MSCI EMU Socially Responsible UCITS ETF hGBP dis,,,Réplication complète,"0,23%",https://www.justetf.com/fr/search.html?search=ETFS&pea=true
LU1291098827,EEMU,BNP Paribas Easy MSCI EMU Min TE UCITS ETF,,,Réplication complète,"0,15%",https://www.justetf.com/fr/search.html?search=ETFS&pea=true
LU1349386927,XDDA,Xtrackers DAX UCITS ETF 1D,,,Réplication complète,"0,09%",https://www.justetf.com/fr/search.html?search=ETFS&pea=true
LU1377381717,EVOE,BNP Paribas Easy Low Volatility Europe UCITS ETF,,,Basée sur swap non financé,"0,31%",https://www.justetf.com/fr/search.html?search=ETFS&pea=true
LU1377382103,EQUA,BNP Paribas Easy Quality Europe UCITS ETF,,,Basée sur swap non financé,"0,31%",https://www.justetf.com/fr/search.html?search=ETFS&pea=true
LU1377382285,EVAE,BNP Paribas Easy Value Europe UCITS ETF,,,Basée sur swap non financé,"0,31%",https://www.justetf.com/fr/search.html?search=ETFS&pea=true
LU1481201025,VLED,BNP Paribas Easy Low Volatility Europe UCITS ETF,,,Basée sur swap non financé,"0,31%",https://www.justetf.com/fr/search.html?search=ETFS&pea=true
LU1481201611,QUED,BNP Paribas Easy Quality Europe UCITS ETF,,,Basée sur swap non financé,"0,31%",https://www.justetf.com/fr/search.html?search=ETFS&pea=true
LU1481201702,VALD,BNP Paribas Easy Value Europe UCITS ETF,,,Basée sur swap non financé,"0,31%",https://www.justetf.com/fr/search.html?search=ETFS&pea=true
LU1598689153,MMS,Amundi MSCI EMU Small Cap ESG Broad Transition UCITS ETF Dist,,,Réplication complète,"0,40%",https://www.justetf.com/fr/search.html?search=ETFS&pea=true
LU1598690169,VAL,Amundi MSCI EMU Value Factor UCITS ETF Dist,,,Réplication complète,"0,40%",https://www.justetf.com/fr/search.html?search=ETFS&pea=true
LU1602144575,CMU,Amundi MSCI EMU ESG Selection UCITS ETF EUR Acc,,,Réplication complète,"0,25%",https://www.justetf.com/fr/search.html?search=ETFS&pea=true
LU1615090864,EDEU,BNP Paribas Easy Dividend Europe UCITS ETF,,,Basée sur swap non financé,"0,31%",https://www.justetf.com/fr/search.html?search=ETFS&pea=true
LU1646360971,MFE,Amundi Core MSCI EMU UCITS ETF Dist,,,Réplication complète,"0,12%",https://www.justetf.com/fr/search.html?search=ETFS&pea=true
LU1646361276,MFEC,Amundi Core MSCI EMU UCITS ETF Acc,,,Réplication complète,"0,12%",https://www.justetf.com/fr/search.html?search=ETFS&pea=true
LU1681037518,FMI,Amundi Italy MIB ESG UCITS ETF,,,Réplication complète,"0,18%",https://www.justetf.com/fr/search.html?search=ETFS&pea=true
LU1681038672,RS2K,Amundi Russell 2000 UCITS ETF EUR (C),,,Basée sur swap non financé,"0,35%",https://www.justetf.com/fr/search.html?search=ETFS&pea=true
LU1681038839,18MR,Amundi Russell 2000 UCITS ETF USD,,,Basée sur swap non financé,"0,35%",https://www.justetf.com/fr/search.html?search=ETFS&pea=true
LU1681042864,CU2,Amundi PEA MSCI USA ESG Selection UCITS ETF EUR,,,Basée sur swap non financé,"0,35%",https://www.justetf.com/fr/search.html?search=ETFS&pea=true
LU1681042948,XAMX,Amundi PEA MSCI USA ESG Selection UCITS ETF USD,,,Réplication complète,"0,35%",https://www.justetf.com/fr/search.html?search=ETFS&pea=true
LU1681043599,CW8,Amundi MSCI World Swap UCITS ETF EUR Acc,,,Basée sur swap non financé,"0,38%",https://www.justetf.com/fr/search.html?search=ETFS&pea=true
LU1681043672,XAMZ,Amundi MSCI World Swap UCITS ETF USD Acc,,,Basée sur swap non financé,"0,38%",https://www.justetf.com/fr/search.html?search=ETFS&pea=true
LU1681046931,C40,Amundi CAC 40 ESG UCITS ETF Acc,,,Réplication complète,"0,25%",https://www.justetf.com/fr/search.html?search=ETFS&pea=true
LU1681047079,C4D,Amundi CAC 40 ESG UCITS ETF Dist,,,Réplication complète,"0,25%",https://www.justetf.com/fr/search.html?search=ETFS&pea=true
LU1681047236,C50,Amundi Core EURO STOXX 50 UCITS ETF EUR Acc,,,Réplication complète,"0,09%",https://www.justetf.com/fr/search.html?search=ETFS&pea=true
LU1681047319,CD5,Amundi Core EURO STOXX 50 UCITS ETF EUR Dist,,,Réplication complète,"0,09%",https://www.justetf.com/fr/search.html?search=ETFS&pea=true
LU1681047400,X13U,Amundi Core EURO STOXX 50 UCITS ETF USD Acc,,,Réplication complète,"0,09%",https://www.justetf.com/fr/search.html?search=ETFS&pea=true
LU1812092168,SEL,Amundi Stoxx Europe Select Dividend 30 UCITS ETF Dist,,,Basée sur swap non financé,"0,30%",https://www.justetf.com/fr/search.html?search=ETFS&pea=true
LU1829219390,BNKE,Amundi Euro Stoxx Banks UCITS ETF Acc,,,Réplication complète,"0,30%",https://www.justetf.com/fr/search.html?search=ETFS&pea=true
LU1834983477,BNK,Amundi STOXX Europe 600 Banks UCITS ETF Acc,,,Basée sur swap non financé,"0,30%",https://www.justetf.com/fr/search.html?search=ETFS&pea=true
LU1834983550,BRES,Amundi STOXX Europe 600 Basic Resources UCITS ETF Acc,,,Basée sur swap non financé,"0,30%",https://www.justetf.com/fr/search.html?search=ETFS&pea=true
LU1834983634,CHM,Amundi STOXX Europe 600 Basic Materials UCITS ETF Acc,,,Basée sur swap non financé,"0,30%",https://www.justetf.com/fr/search.html?search=ETFS&pea=true
LU1834985845,FOO,Amundi STOXX Europe 600 Consumer Staples UCITS ETF Acc,,,Basée sur swap non financé,"0,30%",https://www.justetf.com/fr/search.html?search=ETFS&pea=true
LU1834986900,HLT,Amundi STOXX Europe 600 Healthcare UCITS ETF Acc,,,Basée sur swap non financé,"0,30%",https://www.justetf.com/fr/search.html?search=ETFS&pea=true
LU1834987890,IND,Amundi STOXX Europe 600 Industrials UCITS ETF Acc,,,Basée sur swap non financé,"0,30%",https://www.justetf.com/fr/search.html?search=ETFS&pea=true
LU1834987973,INS,Amundi STOXX Europe 600 Insurance UCITS ETF Acc,,,Basée sur swap non financé,"0,30%",https://www.justetf.com/fr/search.html?search=ETFS&pea=true
LU1834988518,TNO,Amundi STOXX Europe 600 Technology UCITS ETF Acc,,,Basée sur swap non financé,"0,30%",https://www.justetf.com/fr/search.html?search=ETFS&pea=true
LU1834988609,TELE,Amundi STOXX Europe 600 Telecommunications UCITS ETF Acc,,,Basée sur swap non financé,"0,30%",https://www.justetf.com/fr/search.html?search=ETFS&pea=true
LU1834988781,TRV,Amundi STOXX Europe 600 Consumer Discretionary UCITS ETF Acc,,,Basée sur swap non financé,"0,30%",https://www.justetf.com/fr/search.html?search=ETFS&pea=true
LU1834988864,UTI,Amundi STOXX Europe 600 Utilities UCITS ETF Acc,,,Basée sur swap non financé,"0,30%",https://www.justetf.com/fr/search.html?search=ETFS&pea=true
LU1847674733,OP2E,Ossiam Bloomberg Eurozone PAB NR UCITS ETF 1C (EUR),,,Réplication complète,"0,17%",https://www.justetf.com/fr/search.html?search=ETFS&pea=true
LU1920015366,XEMU,Xtrackers MSCI EMU UCITS ETF 4C,,,Réplication complète,"0,09%",https://www.justetf.com/fr/search.html?search=ETFS&pea=true
LU1931974429,PR1Z,Amundi Prime Eurozone UCITS ETF DR (D),,,Réplication complète,"0,05%",https://www.justetf.com/fr/search.html?search=ETFS&pea=true
LU1953137681,MUSRI,BNP Paribas Easy MSCI EMU SRI S-Series PAB 5% Capped UCITS ETF,,,Réplication complète,"0,25%",https://www.justetf.com/fr/search.html?search=ETFS&pea=true
LU2059756325,CMUD,Amundi MSCI EMU ESG Selection UCITS ETF EUR Dist,,,Réplication complète,"0,25%",https://www.justetf.com/fr/search.html?search=ETFS&pea=true
LU2082996112,INDA,Amundi STOXX Europe 600 Banks UCITS ETF Dist,,,Basée sur swap non financé,"0,30%",https://www.justetf.com/fr/search.html?search=ETFS&pea=true
LU2082996385,E6BR,Amundi STOXX Europe 600 Basic Resources UCITS ETF Dist,,,Basée sur swap non financé,"0,30%",https://www.justetf.com/fr/search.html?search=ETFS&pea=true
LU2082996542,LYX4,Amundi STOXX Europe 600 Basic Materials UCITS ETF Dist,,,Basée sur swap non financé,"0,30%",https://www.justetf.com/fr/search.html?search=ETFS&pea=true
LU2082997359,DFOP,Amundi STOXX Europe 600 Consumer Staples UCITS ETF Dist,,,Basée sur swap non financé,"0,30%",https://www.justetf.com/fr/search.html?search=ETFS&pea=true
LU2082997516,EHLT,Amundi STOXX Europe 600 Healthcare UCITS ETF Dist,,,Basée sur swap non financé,"0,30%",https://www.justetf.com/fr/search.html?search=ETFS&pea=true
LU2082997789,INDU,Amundi STOXX Europe 600 Industrials UCITS ETF Dist,,,Basée sur swap non financé,"0,30%",https://www.justetf.com/fr/search.html?search=ETFS&pea=true
LU2082997946,EGV1,Amundi STOXX Europe 600 Insurance UCITS ETF Dist,,,Basée sur swap non financé,"0,30%",https://www.justetf.com/fr/search.html?search=ETFS&pea=true
LU2082998837,CSTA,Amundi STOXX Europe 600 Technology UCITS ETF Dist,,,Basée sur swap non financé,"0,30%",https://www.justetf.com/fr/search.html?search=ETFS&pea=true
LU2082999058,INDB,Amundi STOXX Europe 600 Telecommunications UCITS ETF Dist,,,Basée sur swap non financé,"0,30%",https://www.justetf.com/fr/search.html?search=ETFS&pea=true
LU2082999132,6TVL,Amundi STOXX Europe 600 Consumer Discretionary UCITS ETF Dist,,,Basée sur swap non financé,"0,30%",https://www.justetf.com/fr/search.html?search=ETFS&pea=true
LU2082999215,LUTL,Amundi STOXX Europe 600 Utilities UCITS ETF Dist,,,Basée sur swap non financé,"0,30%",https://www.justetf.com/fr/search.html?search=ETFS&pea=true
LU2089238112,PRAZ,Amundi Prime Eurozone UCITS ETF DR (C),,,Réplication complète,"0,05%",https://www.justetf.com/fr/search.html?search=ETFS&pea=true
LU2090062436,LDAX,Amundi DAX II UCITS ETF Dist,,,Réplication complète,"0,15%",https://www.justetf.com/fr/search.html?search=ETFS&pea=true
LU2109787635,EESG,Amundi MSCI EMU SRI Climate Paris Aligned UCITS ETF Acc,,,Réplication complète,"0,18%",https://www.justetf.com/fr/search.html?search=ETFS&pea=true
LU2182388582,PABZ,Amundi MSCI EMU Climate Paris Aligned UCITS ETF Acc,,,Réplication complète,"0,15%",https://www.justetf.com/fr/search.html?search=ETFS&pea=true
LU2195226068,EPAB,Amundi S&P Eurozone Climate Paris Aligned UCITS ETF Acc,,,Réplication complète,"0,20%",https://www.justetf.com/fr/search.html?search=ETFS&pea=true
LU2240851688,DECD,Amundi MSCI EMU Screened UCITS ETF EUR Acc,,,Réplication complète,"0,12%",https://www.justetf.com/fr/search.html?search=ETFS&pea=true
LU2244387887,EGRO,BNP Paribas Easy Growth Europe UCITS ETF Acc,,,Basée sur swap non financé,"0,31%",https://www.justetf.com/fr/search.html?search=ETFS&pea=true
LU2572256662,AHYI,Amundi PEA Dow Jones Industrial Average UCITS ETF Dist,,,Basée sur swap non financé,"0,45%",https://www.justetf.com/fr/search.html?search=ETFS&pea=true
LU2611731667,C007,Amundi MDAX ESG UCITS ETF UCITS ETF Dist,,,Réplication complète,"0,30%",https://www.justetf.com/fr/search.html?search=ETFS&pea=true
LU2655993207,EWLD,Amundi MSCI World Swap UCITS ETF EUR Dist,,,Basée sur swap non financé,"0,38%",https://www.justetf.com/fr/search.html?search=ETFS&pea=true
LU2932780914,EPAZ,Amundi S&P Eurozone Climate Paris Aligned UCITS ETF Dist,,,Réplication complète,"0,14%",https://www.justetf.com/fr/search.html?search=ETFS&pea=true
LU3046617802,0CAC,Ossiam CAC 40 NR UCITS ETF 1C/A (EUR),,,Basée sur swap,"0,18%",https://www.justetf.com/fr/search.html?search=ETFS&pea=true
LU3046617984,MEUR,Ossiam MSCI Europe UCITS ETF 1C/A (EUR),,,Basée sur swap,"0,12%",https://www.justetf.com/fr/search.html?search=ETFS&pea=true
LU3047998896,GUARD,BNP Paribas Easy Bloomberg Europe Defense UCITS ETF Acc,,,Réplication complète,"0,35%",https://www.justetf.com/fr/search.html?search=ETFS&pea=true
LU3047998979,EDEF,BNP Paribas Easy Bloomberg Europe Defense UCITS ETF Dist,,,Réplication complète,"0,35%",https://www.justetf.com/fr/search.html?search=ETFS&pea=true
LU3078637314,0EMU,Ossiam MSCI EMU UCITS ETF 1C,,,Basée sur swap,"0,12%",https://www.justetf.com/fr/search.html?search=ETFS&pea=true
LU3086268227,AEMUS,BNP Paribas Easy ESG Enhanced EMU UCITS ETF Acc,,,Réplication complète,"0,10%",https://www.justetf.com/fr/search.html?search=ETFS&pea=true
LU3174346000,OFIEU,Ofi Invest EMU Equity Active UCITS ETF Acc,,,Réplication complète,"0,25%",https://www.justetf.com/fr/search.html?search=ETFS&pea=true
LU3180074463,INDEP,Amundi European Strategic Autonomy UCITS ETF Acc,,,Réplication complète,"0,40%",https://www.justetf.com/fr/search.html?search=ETFS&pea=true
LU3215536486,EUZON,BNP Paribas Easy MSCI EMU UCITS ETF Acc,,,Réplication complète,"0,06%",https://www.justetf.com/fr/search.html?search=ETFS&pea=true
LU3215541056,OVNI,BNP Paribas Easy EUR Overnight PEA UCITS ETF Acc,,,Basée sur swap,"0,05%",https://www.justetf.com/fr/search.html?search=ETFS&pea=true
DE0002635281,,iShares EURO STOXX Select Dividend 30 UCITS ETF (DE),,,,"0,31 %",https://www.ramify.fr/pea/etf
DE0005933956,,iShares EURO STOXX 50 UCITS ETF (DE),,,,"0,10 %",https://www.ramify.fr/pea/etf
DE000A0D8Q07,,iShares EURO STOXX UCITS ETF (DE),,,,"0,20 %",https://www.ramify.fr/pea/etf
DE000A0H0728,,iShares Diversified Commodity Swap UCITS ETF (DE),,,,"0,46 %",https://www.ramify.fr/pea/etf
FR0011440478,,Amundi PEA Emergent EMEA (MSCI Emerging EMEA) ESG Transition UCITS ETF Acc,,,,"0,55 %",https://www.ramify.fr/pea/etf
FR0011550185,,BNP Paribas Easy S&P 500 UCITS ETF EUR,,,,"0,13 %",https://www.ramify.fr/pea/etf
FR0011869320,,Amundi PEA Inde (MSCI India) UCITS ETF Acc,,,,"0,85 %",https://www.ramify.fr/pea/etf
FR0011871078,,Amundi PEA Chine (MSCI China) Screened UCITS ETF Acc,,,,"0,65 %",https://www.ramify.fr/pea/etf
FR0011871110,,Amundi PEA Nasdaq-100 UCITS ETF Acc,,,,"0,30 %",https://www.ramify.fr/pea/etf
FR0011871128,,Amundi PEA S&P 500 UCITS ETF Acc,,,,"0,12 %",https://www.ramify.fr/pea/etf
FR0013346681,,Amundi ETF Euro Court Terme UCITS ETF Acc,,,,"0,25 %",https://www.ramify.fr/pea/etf
FR0013380607,,Amundi CAC 40 UCITS ETF Acc,,,,"0,25 %",https://www.ramify.fr/pea/etf
FR0013412020,,Amundi PEA Emergent (MSCI Emerging) ESG Transition UCITS ETF Acc,,,,"0,30 %",https://www.ramify.fr/pea/etf
FR001400U5Q4,,Amundi PEA Monde (MSCI World) UCITS ETF Acc,,,,"0,20 %",https://www.ramify.fr/pea/etf
IE0002XZSHO1,,iShares MSCI World Swap PEA UCITS ETF EUR Acc,,,,"0,20 %",https://www.ramify.fr/pea/etf
IE000DQLYVB9,,iShares S&P 500 Swap PEA UCITS ETF EUR (Acc),,,,"0,10 %",https://www.ramify.fr/pea/etf
IE00B0M62S72,,iShares Euro Dividend UCITS ETF,,,,"0,40 %",https://www.ramify.fr/pea/etf
IE00B5M1WJ87,,SPDR S&P Euro Dividend Aristocrats UCITS ETF,,,,"0,30 %",https://www.ramify.fr/pea/etf
LU0322250985,,Xtrackers CAC 40 UCITS ETF 1D,,,,"0,20 %",https://www.ramify.fr/pea/etf
LU0380865021,,Xtrackers EURO STOXX 50 UCITS ETF 1C,,,,"0,09 %",https://www.ramify.fr/pea/etf
LU1598689153,,Amundi MSCI EMU Small Cap ESG Broad Transition UCITS ETF,,,,"0,40 %",https://www.ramify.fr/pea/etf
LU1681038672,,Amundi Russell 2000 UCITS ETF EUR (C),,,,"0,35 %",https://www.ramify.fr/pea/etf
LU1681043599,,Amundi MSCI World Swap UCITS ETF EUR (C),,,,"0,38 %",https://www.ramify.fr/pea/etf
LU1681046931,,Amundi CAC 40 ESG UCITS ETF DR - EUR (C),,,,"0,25 %",https://www.ramify.fr/pea/etf
LU1681047236,,Amundi EURO STOXX 50 UCITS ETF DR - EUR (C),,,,"0,09%",https://www.ramify.fr/pea/etf
LU1834983550,,Amundi STOXX Europe 600 Basic Resources UCITS ETF Acc,,,,"0,30 %",https://www.ramify.fr/pea/etf
LU2082996385,,Amundi STOXX Europe 600 Basic Resources UCITS ETF Dist,,,,"0,30 %",https://www.ramify.fr/pea/etf
LU2195226068,,Amundi S&P Eurozone PAB Net Zero Ambition UCITS ETF Acc,,,,"0,2%",https://www.ramify.fr/pea/etf
